year,borough,zipcode,airbnb_count,rental_count,home_count,rent_avg,house_avg
2015,BRONX,10457,51,10,12,1301.13,324363.9166666667
2015,BRONX,10458,41,10,12,1412.1899999999998,284365.8333333333
2015,BRONX,10461,49,10,12,1320.46,409960.1666666667
2015,BRONX,10462,42,10,12,1372.0099999999998,124176.0
2015,BRONX,10463,48,10,12,2072.79,333158.6666666667
2015,BRONX,10467,70,10,12,1358.46,286850.5
2015,BROOKLYN,11201,343,10,12,3227.8700000000003,1324822.3333333333
2015,BROOKLYN,11205,473,10,12,2496.5199999999995,734294.4166666666
2015,BROOKLYN,11206,724,10,12,2915.6600000000003,859455.8333333334
2015,BROOKLYN,11207,200,10,12,2117.9100000000003,357808.6666666667
2015,BROOKLYN,11209,79,10,12,1740.9399999999998,721519.6666666666
2015,BROOKLYN,11211,1858,10,12,3234.86,1009364.3333333334
2015,BROOKLYN,11213,466,10,12,2036.38,808794.4166666666
2015,BROOKLYN,11214,58,10,12,1599.84,538540.1666666666
2015,BROOKLYN,11215,437,10,12,2688.77,1399352.75
2015,BROOKLYN,11216,949,10,12,2320.38,941515.0
2015,BROOKLYN,11217,399,10,12,2945.04,1443722.9166666667
2015,BROOKLYN,11218,177,10,12,2188.31,723225.75
2015,BROOKLYN,11220,160,10,12,1813.26,595905.3333333334
2015,BROOKLYN,11221,1007,10,12,2286.7200000000003,819887.5
2015,BROOKLYN,11222,648,10,12,2770.21,971202.5
2015,BROOKLYN,11223,80,9,12,1549.5444444444445,722070.75
2015,BROOKLYN,11225,448,10,12,2117.85,1036868.3333333334
2015,BROOKLYN,11226,418,10,12,1974.18,641336.1666666666
2015,BROOKLYN,11228,27,10,12,1349.9199999999998,804904.0
2015,BROOKLYN,11229,55,10,12,1705.45,545587.6666666666
2015,BROOKLYN,11230,63,10,12,1848.8,836698.0
2015,BROOKLYN,11231,138,10,12,2825.04,1335947.8333333333
2015,BROOKLYN,11233,943,10,12,2118.37,610939.25
2015,BROOKLYN,11235,118,10,12,1789.57,484378.3333333333
2015,BROOKLYN,11237,1016,10,12,2496.2200000000003,661371.0
2015,BROOKLYN,11238,622,10,12,3063.53,1195940.4166666667
2015,MANHATTAN,10001,350,10,12,4010.0,2280604.0
2015,MANHATTAN,10002,337,10,12,2982.17,1006425.0
2015,MANHATTAN,10003,607,10,12,3257.43,1449640.4166666667
2015,MANHATTAN,10005,456,10,12,3588.99,1124187.9166666667
2015,MANHATTAN,10009,592,10,12,3152.19,1125703.5833333333
2015,MANHATTAN,10010,535,10,12,3595.13,1808973.8333333333
2015,MANHATTAN,10011,514,10,12,3613.18,2082922.8333333333
2015,MANHATTAN,10012,403,10,12,3222.57,2477989.833333333
2015,MANHATTAN,10013,983,10,12,4612.259999999999,3401886.4166666665
2015,MANHATTAN,10014,137,10,12,3502.4100000000003,2047521.3333333333
2015,MANHATTAN,10016,436,10,12,3569.09,1060130.0
2015,MANHATTAN,10017,415,10,12,3099.92,1001648.4166666666
2015,MANHATTAN,10018,1312,10,12,3638.65,1686661.0
2015,MANHATTAN,10019,363,10,12,3500.58,1384739.9166666667
2015,MANHATTAN,10021,309,10,12,2634.5,1349713.8333333333
2015,MANHATTAN,10022,240,10,12,3234.78,1466448.3333333333
2015,MANHATTAN,10023,461,10,12,3444.4,1306792.1666666667
2015,MANHATTAN,10024,710,10,12,3025.7,1471960.5833333333
2015,MANHATTAN,10026,414,10,12,2614.06,919022.3333333334
2015,MANHATTAN,10027,334,10,12,2451.27,908313.0833333334
2015,MANHATTAN,10028,472,10,12,2694.51,1583822.0
2015,MANHATTAN,10029,290,10,12,2368.1,860422.6666666666
2015,MANHATTAN,10030,370,10,12,1979.18,719161.1666666666
2015,MANHATTAN,10031,350,10,12,2225.71,685248.9166666666
2015,MANHATTAN,10032,212,10,12,2079.97,436993.4166666667
2015,MANHATTAN,10033,161,10,12,2151.71,564003.75
2015,MANHATTAN,10034,131,7,12,1805.9,386398.0833333333
2015,MANHATTAN,10035,111,10,12,2252.17,861841.4166666666
2015,MANHATTAN,10040,112,10,12,1717.11,530894.6666666666
2015,MANHATTAN,10065,220,10,12,3004.76,1472092.4166666667
2015,MANHATTAN,10075,236,10,12,2304.86,1019505.8333333334
2015,MANHATTAN,10282,17,10,12,5768.61,2312762.0
2015,QUEENS,11101,132,10,12,2753.7699999999995,699931.8333333334
2015,QUEENS,11102,247,10,12,2330.11,526981.5833333334
2015,QUEENS,11103,297,10,12,1934.04,668012.6666666666
2015,QUEENS,11105,210,10,12,2292.18,759277.5
2015,QUEENS,11106,316,10,12,2098.09,491355.75
2015,QUEENS,11354,44,10,12,2047.29,506578.0833333333
2015,QUEENS,11355,216,10,12,1603.02,516473.8333333333
2015,QUEENS,11374,128,10,12,1955.8,455798.9166666667
2015,QUEENS,11375,34,10,12,1965.21,669283.75
2015,QUEENS,11385,219,10,12,2327.28,550787.5
2015,QUEENS,11435,66,10,12,1496.0600000000002,427239.1666666667
2016,BRONX,10457,44,11,12,1432.8181818181818,352507.75
2016,BRONX,10458,47,12,12,1531.75,307498.6666666667
2016,BRONX,10461,39,12,12,1388.975,419900.0
2016,BRONX,10462,42,12,12,1475.3416666666667,134210.25
2016,BRONX,10463,48,12,12,2171.2833333333333,366111.25
2016,BRONX,10465,28,8,12,1705.875,404541.0833333333
2016,BRONX,10467,57,12,12,1433.7833333333333,295318.9166666667
2016,BROOKLYN,11201,733,12,12,3271.233333333333,1374818.75
2016,BROOKLYN,11205,899,12,12,2543.925,788330.5
2016,BROOKLYN,11206,1187,12,12,2932.15,871869.6666666666
2016,BROOKLYN,11207,181,12,12,2265.65,380632.6666666667
2016,BROOKLYN,11209,70,12,12,1794.4250000000002,792867.0
2016,BROOKLYN,11211,1855,12,10,3239.1666666666665,967278.0
2016,BROOKLYN,11213,732,12,12,2157.275,896240.9166666666
2016,BROOKLYN,11214,67,12,12,1680.65,573353.0
2016,BROOKLYN,11215,391,12,12,2710.5333333333333,1479163.0
2016,BROOKLYN,11216,1639,12,12,2411.2833333333333,1028097.9166666666
2016,BROOKLYN,11217,402,12,12,2970.3083333333334,1522131.9166666667
2016,BROOKLYN,11218,161,12,12,2226.95,786441.0
2016,BROOKLYN,11220,164,12,12,1845.0833333333333,654008.9166666666
2016,BROOKLYN,11221,1539,12,12,2397.9166666666665,909883.25
2016,BROOKLYN,11222,610,12,12,2869.2916666666665,1011781.0
2016,BROOKLYN,11223,99,12,12,1645.0333333333333,777270.3333333334
2016,BROOKLYN,11225,797,12,12,2218.4166666666665,1144649.6666666667
2016,BROOKLYN,11226,470,12,12,2075.5916666666667,696150.8333333334
2016,BROOKLYN,11228,36,12,12,1450.8083333333334,864086.25
2016,BROOKLYN,11229,50,12,12,1757.3249999999998,589610.4166666666
2016,BROOKLYN,11230,67,12,12,1961.225,911578.4166666666
2016,BROOKLYN,11231,224,12,12,2859.375,1426434.3333333333
2016,BROOKLYN,11233,1312,12,12,2192.3416666666667,662939.5833333334
2016,BROOKLYN,11235,163,12,12,1889.0583333333332,497678.0833333333
2016,BROOKLYN,11237,1950,12,12,2549.05,738264.25
2016,BROOKLYN,11238,1206,12,12,3088.675,1264259.75
2016,MANHATTAN,10001,666,12,12,4022.983333333333,2369453.25
2016,MANHATTAN,10002,547,12,12,3040.6583333333333,974477.6666666666
2016,MANHATTAN,10003,635,12,12,3301.483333333333,1437530.25
2016,MANHATTAN,10005,444,12,12,3578.9666666666667,1198957.3333333333
2016,MANHATTAN,10009,683,12,10,3196.025,1094491.4
2016,MANHATTAN,10010,549,12,12,3645.1916666666666,1825040.0833333333
2016,MANHATTAN,10011,1100,12,12,3673.825,2136995.75
2016,MANHATTAN,10012,370,12,12,3280.0166666666664,2501080.583333333
2016,MANHATTAN,10013,1090,12,12,4649.466666666666,3509708.75
2016,MANHATTAN,10014,127,12,12,3545.5,2091179.25
2016,MANHATTAN,10016,431,12,12,3570.183333333333,1098404.3333333333
2016,MANHATTAN,10017,357,12,12,3156.4750000000004,1025001.5
2016,MANHATTAN,10018,1262,12,10,3625.108333333333,1599573.7
2016,MANHATTAN,10019,364,12,12,3497.2,1425513.8333333333
2016,MANHATTAN,10021,266,12,12,2668.4333333333334,1356499.0833333333
2016,MANHATTAN,10022,248,12,11,3271.141666666667,1356859.9090909092
2016,MANHATTAN,10023,416,12,12,3451.875,1376116.4166666667
2016,MANHATTAN,10024,703,12,12,3042.266666666667,1500554.9166666667
2016,MANHATTAN,10026,404,12,12,2677.0416666666665,977956.8333333334
2016,MANHATTAN,10027,343,12,12,2527.891666666667,999008.6666666666
2016,MANHATTAN,10028,477,12,12,2745.633333333333,1566997.25
2016,MANHATTAN,10029,281,12,12,2384.083333333333,855316.0
2016,MANHATTAN,10030,375,12,12,2100.833333333333,801139.5
2016,MANHATTAN,10031,357,12,12,2322.3416666666667,716766.4166666666
2016,MANHATTAN,10032,222,12,12,2118.925,445350.75
2016,MANHATTAN,10033,171,12,12,2231.6833333333334,609010.75
2016,MANHATTAN,10034,114,12,12,1860.2083333333333,434167.4166666667
2016,MANHATTAN,10035,93,12,12,2302.333333333333,850324.25
2016,MANHATTAN,10040,116,12,12,1766.8583333333331,605967.8333333334
2016,MANHATTAN,10065,263,12,12,3053.633333333333,1472436.5
2016,MANHATTAN,10075,239,12,12,2337.1833333333334,1037782.9166666666
2016,MANHATTAN,10280,64,12,12,3456.2,954916.5833333334
2016,MANHATTAN,10282,19,12,12,5720.141666666666,2386422.9166666665
2016,QUEENS,11101,131,12,12,2826.208333333333,759180.4166666666
2016,QUEENS,11102,218,12,12,2351.825,573298.5833333334
2016,QUEENS,11103,306,12,12,2044.125,758007.1666666666
2016,QUEENS,11105,197,12,12,2334.483333333333,852561.75
2016,QUEENS,11106,292,12,12,2160.4,525246.5
2016,QUEENS,11354,52,12,12,2154.6416666666664,552135.0833333334
2016,QUEENS,11355,185,12,12,1723.6583333333333,569382.5833333334
2016,QUEENS,11374,118,12,12,1996.975,491289.4166666667
2016,QUEENS,11375,34,12,12,2034.1416666666669,713962.75
2016,QUEENS,11385,178,12,12,2438.741666666667,607714.4166666666
2016,QUEENS,11435,70,12,12,1566.0416666666667,460095.5833333333
2016,STATEN_ISLAND,10314,6,10,12,1414.97,435365.6666666667
2017,BRONX,10457,18,12,12,1530.2083333333333,377363.5
2017,BRONX,10458,27,12,12,1663.9083333333335,332939.75
2017,BRONX,10461,13,12,12,1496.525,453681.8333333333
2017,BRONX,10462,28,12,12,1564.3000000000002,143315.5
2017,BRONX,10463,48,12,12,2250.5416666666665,373742.6666666667
2017,BRONX,10465,3,12,12,1845.1,434136.0833333333
2017,BRONX,10467,44,12,12,1549.025,324620.0
2017,BROOKLYN,11201,499,12,12,3292.9666666666667,1278540.6666666667
2017,BROOKLYN,11205,1126,12,12,2582.6833333333334,818825.5833333334
2017,BROOKLYN,11206,1119,12,12,2910.0333333333333,916044.3333333334
2017,BROOKLYN,11207,169,12,12,2326.766666666667,414609.5833333333
2017,BROOKLYN,11209,117,12,12,1833.2666666666669,852887.9166666666
2017,BROOKLYN,11210,255,8,12,2190.4500000000003,699155.0833333334
2017,BROOKLYN,11211,2645,12,12,3226.85,967886.0
2017,BROOKLYN,11213,493,12,12,2233.1583333333333,930991.0833333334
2017,BROOKLYN,11214,29,12,12,1758.8833333333334,607146.8333333334
2017,BROOKLYN,11215,442,12,12,2728.1583333333333,1461599.9166666667
2017,BROOKLYN,11216,1178,12,12,2452.9166666666665,1045381.6666666666
2017,BROOKLYN,11217,744,12,12,3005.3916666666664,1521126.75
2017,BROOKLYN,11218,326,12,12,2265.4083333333333,854812.1666666666
2017,BROOKLYN,11220,198,12,12,1962.4,711517.0
2017,BROOKLYN,11221,957,12,12,2467.516666666667,956862.3333333334
2017,BROOKLYN,11222,1785,12,12,2937.683333333333,1020965.5
2017,BROOKLYN,11223,74,12,12,1701.5166666666669,837217.3333333334
2017,BROOKLYN,11225,609,12,12,2261.4416666666666,1190122.4166666667
2017,BROOKLYN,11226,913,12,12,2135.625,749691.5
2017,BROOKLYN,11228,40,12,12,1499.5583333333334,915823.8333333334
2017,BROOKLYN,11229,19,12,12,1867.5916666666667,637280.1666666666
2017,BROOKLYN,11230,68,12,12,2041.233333333333,954261.3333333334
2017,BROOKLYN,11231,226,12,12,2903.2,1441094.0
2017,BROOKLYN,11233,777,12,12,2273.825,719472.75
2017,BROOKLYN,11235,78,12,12,1969.375,524481.1666666666
2017,BROOKLYN,11237,1351,12,12,2572.2916666666665,769363.0833333334
2017,BROOKLYN,11238,1027,12,12,3071.858333333333,1232179.0
2017,MANHATTAN,10001,418,12,12,3958.383333333333,2271803.5
2017,MANHATTAN,10002,684,12,12,3079.7916666666665,905242.0
2017,MANHATTAN,10003,2184,12,12,3332.5916666666667,1402998.5
2017,MANHATTAN,10005,725,12,12,3561.7,1198042.8333333333
2017,MANHATTAN,10009,2593,12,12,3224.508333333333,1091941.3333333333
2017,MANHATTAN,10010,942,12,12,3684.65,1768572.25
2017,MANHATTAN,10011,1008,12,12,3685.891666666667,2074661.0
2017,MANHATTAN,10012,1131,12,12,3292.858333333333,2312505.083333333
2017,MANHATTAN,10013,1050,12,12,4670.516666666666,3468381.75
2017,MANHATTAN,10014,256,12,12,3591.116666666667,2288907.083333333
2017,MANHATTAN,10016,271,12,12,3548.883333333333,1102129.4166666667
2017,MANHATTAN,10017,222,12,11,3152.241666666667,984854.6363636364
2017,MANHATTAN,10018,1064,12,12,3704.858333333333,1513678.25
2017,MANHATTAN,10019,462,12,12,3483.0,1399609.75
2017,MANHATTAN,10021,344,12,12,2686.633333333333,1373223.75
2017,MANHATTAN,10022,235,12,12,3268.0333333333333,1284408.5
2017,MANHATTAN,10023,778,12,12,3446.491666666667,1406405.0833333333
2017,MANHATTAN,10024,786,12,12,3044.55,1546713.4166666667
2017,MANHATTAN,10026,990,12,12,2696.6,1001081.75
2017,MANHATTAN,10027,738,12,12,2544.891666666667,1000663.4166666666
2017,MANHATTAN,10028,745,12,12,2776.375,1528383.8333333333
2017,MANHATTAN,10029,825,12,12,2466.4083333333333,899730.0
2017,MANHATTAN,10030,765,12,12,2139.7,843828.6666666666
2017,MANHATTAN,10031,804,12,12,2368.883333333333,726529.5833333334
2017,MANHATTAN,10032,266,12,12,2214.625,462878.5833333333
2017,MANHATTAN,10033,250,12,12,2259.15,622307.1666666666
2017,MANHATTAN,10034,93,12,12,1886.025,465052.9166666667
2017,MANHATTAN,10035,330,12,12,2374.008333333333,895862.25
2017,MANHATTAN,10040,177,12,12,1835.7666666666669,593367.9166666666
2017,MANHATTAN,10065,219,12,12,3066.5333333333333,1442142.9166666667
2017,MANHATTAN,10069,66,12,12,4759.816666666667,2227467.833333333
2017,MANHATTAN,10075,342,12,12,2357.1916666666666,1030613.4166666666
2017,MANHATTAN,10280,212,12,12,3407.575,989377.9166666666
2017,MANHATTAN,10282,41,12,12,5776.833333333333,2386658.833333333
2017,QUEENS,11101,51,12,12,2879.5,794348.4166666666
2017,QUEENS,11102,443,12,12,2401.75,627005.8333333334
2017,QUEENS,11103,584,12,12,2047.25,822617.0
2017,QUEENS,11105,381,12,12,2341.05,944436.25
2017,QUEENS,11106,531,12,12,2170.8500000000004,576068.75
2017,QUEENS,11354,40,12,12,2204.05,603901.5
2017,QUEENS,11355,211,12,12,1750.3916666666669,619183.0
2017,QUEENS,11374,82,12,12,2065.775,539852.1666666666
2017,QUEENS,11375,99,12,12,2082.275,760781.6666666666
2017,QUEENS,11385,121,12,12,2460.633333333333,662187.6666666666
2017,QUEENS,11435,17,12,12,1625.8333333333333,483791.6666666667
2017,STATEN_ISLAND,10314,3,11,12,1507.881818181818,487216.1666666667
2018,BRONX,10457,21,12,12,1655.5916666666667,404723.3333333333
2018,BRONX,10458,23,12,12,1741.6083333333331,353069.4166666667
2018,BRONX,10461,14,12,12,1579.2916666666667,489976.8333333333
2018,BRONX,10462,28,12,12,1642.2083333333333,162510.5
2018,BRONX,10463,105,12,12,2308.025,357383.4166666667
2018,BRONX,10465,6,12,12,1928.858333333333,471863.25
2018,BRONX,10467,54,12,12,1643.7666666666669,360789.5833333333
2018,BROOKLYN,11201,514,12,12,3352.5,1267815.75
2018,BROOKLYN,11205,932,12,12,2664.208333333333,869438.8333333334
2018,BROOKLYN,11206,1172,12,12,2900.833333333333,946407.8333333334
2018,BROOKLYN,11207,153,12,12,2379.141666666667,438582.1666666667
2018,BROOKLYN,11209,98,12,12,1879.9333333333332,889156.25
2018,BROOKLYN,11210,179,12,12,2240.083333333333,754672.5
2018,BROOKLYN,11211,3227,12,12,3189.116666666667,997202.9166666666
2018,BROOKLYN,11213,619,12,12,2303.5,968723.9166666666
2018,BROOKLYN,11214,39,12,12,1823.0916666666667,645641.75
2018,BROOKLYN,11215,559,12,12,2798.008333333333,1418675.5833333333
2018,BROOKLYN,11216,1334,12,12,2491.808333333333,1112043.4166666667
2018,BROOKLYN,11217,656,12,12,3082.5333333333333,1515536.5833333333
2018,BROOKLYN,11218,251,12,12,2297.1416666666664,904973.5833333334
2018,BROOKLYN,11220,178,12,12,2036.5,737359.3333333334
2018,BROOKLYN,11221,1190,12,12,2513.625,1027401.0833333334
2018,BROOKLYN,11222,1219,12,12,2975.8500000000004,1035642.5
2018,BROOKLYN,11223,87,12,12,1737.1416666666669,889891.1666666666
2018,BROOKLYN,11225,662,12,12,2333.991666666667,1210101.75
2018,BROOKLYN,11226,692,12,12,2198.0583333333334,778287.4166666666
2018,BROOKLYN,11228,43,12,12,1589.8083333333334,950662.5833333334
2018,BROOKLYN,11229,50,12,12,1938.108333333333,678411.0833333334
2018,BROOKLYN,11230,68,12,12,2074.025,995145.0833333334
2018,BROOKLYN,11231,213,12,12,2998.5416666666665,1434799.8333333333
2018,BROOKLYN,11233,981,12,12,2308.458333333333,745286.75
2018,BROOKLYN,11235,123,12,12,2027.4,576024.1666666666
2018,BROOKLYN,11237,1711,12,12,2551.675,789695.25
2018,BROOKLYN,11238,1138,12,12,3115.5333333333333,1237717.0
2018,MANHATTAN,10001,491,12,12,4001.0666666666666,2351996.833333333
2018,MANHATTAN,10002,724,12,12,3143.608333333333,853343.0
2018,MANHATTAN,10003,1244,12,12,3374.775,1471335.5833333333
2018,MANHATTAN,10005,466,12,12,3661.1,1176414.25
2018,MANHATTAN,10009,1425,12,12,3259.15,1150376.6666666667
2018,MANHATTAN,10010,1124,12,12,3704.341666666666,1694063.3333333333
2018,MANHATTAN,10011,957,12,12,3747.2833333333338,2038438.3333333333
2018,MANHATTAN,10012,821,12,12,3346.0166666666664,2397648.25
2018,MANHATTAN,10013,1249,12,12,4776.9,3371905.333333333
2018,MANHATTAN,10014,269,12,12,3657.808333333333,2461694.4166666665
2018,MANHATTAN,10016,511,12,12,3587.733333333333,1091157.1666666667
2018,MANHATTAN,10017,389,12,12,3146.508333333333,938151.1666666666
2018,MANHATTAN,10018,2485,12,12,3713.233333333333,1463682.25
2018,MANHATTAN,10019,928,12,12,3483.025,1376501.5833333333
2018,MANHATTAN,10021,337,12,12,2736.3083333333334,1459849.8333333333
2018,MANHATTAN,10022,238,12,12,3282.9,1318202.0
2018,MANHATTAN,10023,794,12,12,3476.7666666666664,1488123.6666666667
2018,MANHATTAN,10024,879,12,12,3087.358333333333,1750179.9166666667
2018,MANHATTAN,10026,826,12,12,2736.6833333333334,1002733.6666666666
2018,MANHATTAN,10027,704,12,12,2598.5416666666665,978541.1666666666
2018,MANHATTAN,10028,719,12,12,2816.675,1635218.25
2018,MANHATTAN,10029,523,12,12,2515.175,935123.5
2018,MANHATTAN,10030,708,12,12,2182.708333333333,870348.75
2018,MANHATTAN,10031,798,12,12,2416.7166666666667,768459.3333333334
2018,MANHATTAN,10032,332,12,12,2240.5,518966.75
2018,MANHATTAN,10033,249,12,12,2328.2333333333336,658638.75
2018,MANHATTAN,10034,294,12,12,1956.5583333333332,464972.75
2018,MANHATTAN,10035,189,12,12,2419.8083333333334,898639.75
2018,MANHATTAN,10040,320,12,12,1881.9166666666667,567769.75
2018,MANHATTAN,10065,204,12,12,3120.1916666666666,1486847.75
2018,MANHATTAN,10069,49,12,12,4824.108333333334,2089360.5833333333
2018,MANHATTAN,10075,357,12,12,2390.233333333333,1140534.6666666667
2018,MANHATTAN,10280,64,12,12,3489.9,987590.5
2018,MANHATTAN,10282,38,12,12,5750.791666666667,2399849.083333333
2018,QUEENS,11101,112,12,12,2873.933333333333,797617.25
2018,QUEENS,11102,347,12,12,2388.083333333333,660766.9166666666
2018,QUEENS,11103,443,12,12,2057.025,881343.5833333334
2018,QUEENS,11105,256,12,12,2318.6916666666666,985832.5
2018,QUEENS,11106,648,12,12,2167.9,618868.3333333334
2018,QUEENS,11354,51,12,12,2244.2,658181.3333333334
2018,QUEENS,11355,195,12,12,1852.8166666666664,676159.0
2018,QUEENS,11374,88,12,12,2103.5,584818.4166666666
2018,QUEENS,11375,69,12,12,2108.1583333333333,818675.4166666666
2018,QUEENS,11385,162,12,12,2489.758333333333,696424.75
2018,QUEENS,11435,63,12,12,1676.675,517040.75
2018,STATEN_ISLAND,10314,4,12,12,1568.375,539089.9166666666
2019,BRONX,10457,24,12,12,1707.35,458172.4166666667
2019,BRONX,10458,15,12,12,1782.5916666666667,400902.4166666667
2019,BRONX,10461,31,12,12,1667.9166666666667,532643.8333333334
2019,BRONX,10462,48,12,12,1721.125,184555.5833333333
2019,BRONX,10463,79,12,12,2340.675,403598.0833333333
2019,BRONX,10465,22,12,12,1979.925,511188.1666666667
2019,BRONX,10467,58,12,12,1712.6416666666669,392851.9166666667
2019,BROOKLYN,11201,389,12,12,3488.1666666666665,1339921.0
2019,BROOKLYN,11205,672,12,12,2799.5583333333334,931183.5
2019,BROOKLYN,11206,1110,12,12,2962.65,917810.8333333334
2019,BROOKLYN,11207,101,12,12,2483.375,463651.25
2019,BROOKLYN,11209,75,12,12,1939.1666666666667,910180.25
2019,BROOKLYN,11210,149,12,12,2291.991666666667,772585.5833333334
2019,BROOKLYN,11211,6231,12,12,3335.4666666666667,1023273.75
2019,BROOKLYN,11213,440,12,12,2381.266666666667,970805.5833333334
2019,BROOKLYN,11214,21,12,12,1870.1416666666669,663974.4166666666
2019,BROOKLYN,11215,1087,12,12,2882.625,1442186.3333333333
2019,BROOKLYN,11216,938,12,12,2563.6833333333334,1111053.0833333333
2019,BROOKLYN,11217,1174,12,12,3173.7833333333333,1529402.1666666667
2019,BROOKLYN,11218,237,12,12,2319.075,959076.1666666666
2019,BROOKLYN,11220,269,12,12,2059.925,748739.3333333334
2019,BROOKLYN,11221,794,12,12,2595.075,1031257.3333333334
2019,BROOKLYN,11222,1024,12,12,3060.9750000000004,1041824.5833333334
2019,BROOKLYN,11223,108,12,12,1774.1416666666669,912277.8333333334
2019,BROOKLYN,11225,435,12,12,2405.491666666667,1258277.0
2019,BROOKLYN,11226,517,12,12,2252.766666666667,825612.5
2019,BROOKLYN,11228,21,12,12,1672.7833333333333,968549.75
2019,BROOKLYN,11229,55,12,12,2008.5333333333333,710380.8333333334
2019,BROOKLYN,11230,131,12,12,2105.241666666667,1055775.3333333333
2019,BROOKLYN,11231,214,12,12,3117.925,1436682.5
2019,BROOKLYN,11233,647,12,12,2394.0,763895.1666666666
2019,BROOKLYN,11235,123,12,12,2085.1000000000004,592481.4166666666
2019,BROOKLYN,11237,1426,12,12,2619.0416666666665,794939.5833333334
2019,BROOKLYN,11238,1126,12,12,3181.2833333333333,1269767.1666666667
2019,MANHATTAN,10001,275,12,12,4145.266666666666,2380720.4166666665
2019,MANHATTAN,10002,960,12,12,3227.8416666666667,943931.5833333334
2019,MANHATTAN,10003,1123,12,12,3475.691666666667,1490853.25
2019,MANHATTAN,10005,352,12,12,3777.983333333333,1110440.6666666667
2019,MANHATTAN,10009,1073,12,12,3342.991666666667,1107907.3333333333
2019,MANHATTAN,10010,623,12,12,3807.875,1722271.1666666667
2019,MANHATTAN,10011,934,12,12,3843.141666666667,1966323.0833333333
2019,MANHATTAN,10012,1154,12,12,3464.583333333333,2606977.5
2019,MANHATTAN,10013,1779,12,12,4923.258333333333,3310300.5
2019,MANHATTAN,10014,444,12,12,3771.3,2295021.6666666665
2019,MANHATTAN,10016,396,12,12,3682.5666666666666,1059822.5
2019,MANHATTAN,10017,681,12,12,3210.633333333333,981281.25
2019,MANHATTAN,10018,1094,12,12,3843.2083333333335,1388542.4166666667
2019,MANHATTAN,10019,564,12,12,3545.383333333333,1303237.3333333333
2019,MANHATTAN,10021,704,12,12,2812.8416666666667,1378502.4166666667
2019,MANHATTAN,10022,501,12,12,3353.025,1302252.8333333333
2019,MANHATTAN,10023,1477,12,12,3530.3083333333334,1403723.0833333333
2019,MANHATTAN,10024,1721,12,12,3166.458333333333,1726462.0833333333
2019,MANHATTAN,10026,501,12,12,2801.9666666666667,972939.4166666666
2019,MANHATTAN,10027,417,12,12,2660.891666666667,973867.5833333334
2019,MANHATTAN,10028,1265,12,12,2901.5666666666666,1572678.0
2019,MANHATTAN,10029,332,12,12,2560.625,684806.0
2019,MANHATTAN,10030,401,12,12,2256.0916666666667,871621.6666666666
2019,MANHATTAN,10031,466,12,12,2476.55,728754.5833333334
2019,MANHATTAN,10032,658,12,12,2269.3416666666667,581325.9166666666
2019,MANHATTAN,10033,484,12,12,2371.325,646203.75
2019,MANHATTAN,10034,99,12,12,1994.0666666666664,485960.6666666667
2019,MANHATTAN,10035,117,12,12,2484.458333333333,803571.1666666666
2019,MANHATTAN,10037,290,12,12,2188.133333333333,464354.5
2019,MANHATTAN,10040,228,12,12,1928.9166666666667,556148.25
2019,MANHATTAN,10065,506,12,12,3200.258333333333,1465692.6666666667
2019,MANHATTAN,10069,109,12,12,4985.816666666667,1984795.5833333333
2019,MANHATTAN,10075,729,12,12,2488.5583333333334,1125781.4166666667
2019,MANHATTAN,10280,50,12,12,3622.308333333333,918778.8333333334
2019,MANHATTAN,10282,49,12,12,6012.1,2291999.083333333
2019,QUEENS,11101,103,12,12,3050.308333333333,805450.0
2019,QUEENS,11102,240,12,12,2450.8500000000004,670163.9166666666
2019,QUEENS,11103,326,12,12,2120.8500000000004,905686.6666666666
2019,QUEENS,11105,188,12,12,2369.6916666666666,1004564.5
2019,QUEENS,11106,294,12,12,2237.4750000000004,646284.3333333334
2019,QUEENS,11354,20,12,12,2255.5333333333333,678780.75
2019,QUEENS,11355,126,12,12,1852.925,688670.9166666666
2019,QUEENS,11374,168,12,12,2197.325,611956.9166666666
2019,QUEENS,11375,41,12,12,2186.5166666666664,850694.9166666666
2019,QUEENS,11385,247,12,12,2570.258333333333,703710.8333333334
2019,QUEENS,11435,49,12,12,1708.7166666666667,544441.5
2019,STATEN_ISLAND,10314,8,12,12,1625.4,545351.1666666666
2020,BRONX,10457,16,12,12,1824.7416666666663,496782.0833333333
2020,BRONX,10458,26,12,12,1867.7083333333333,378771.9166666667
2020,BRONX,10461,26,12,12,1767.5166666666669,578386.0833333334
2020,BRONX,10462,25,12,12,1766.3083333333334,202890.3333333333
2020,BRONX,10463,51,12,12,2378.5,434285.0833333333
2020,BRONX,10465,13,12,12,2125.133333333333,535341.5
2020,BRONX,10467,59,12,12,1798.5333333333333,411901.9166666667
2020,BROOKLYN,11201,389,12,12,3419.183333333333,1361641.5833333333
2020,BROOKLYN,11205,692,12,12,2780.883333333333,937073.6666666666
2020,BROOKLYN,11206,850,12,12,2905.7166666666667,906703.5
2020,BROOKLYN,11207,124,12,12,2517.0916666666667,494206.1666666667
2020,BROOKLYN,11208,76,3,12,2027.5333333333333,586907.8333333334
2020,BROOKLYN,11209,69,12,12,1939.0916666666667,876552.0
2020,BROOKLYN,11210,128,12,12,2225.55,787817.5
2020,BROOKLYN,11211,2719,12,12,3324.8083333333334,1036530.25
2020,BROOKLYN,11213,451,12,12,2434.891666666667,972262.0
2020,BROOKLYN,11214,30,12,12,1885.483333333333,658203.8333333334
2020,BROOKLYN,11215,541,12,12,2891.175,1350269.1666666667
2020,BROOKLYN,11216,999,12,12,2537.266666666667,1112305.4166666667
2020,BROOKLYN,11217,623,12,12,3142.425,1461386.0833333333
2020,BROOKLYN,11218,198,12,12,2323.0333333333333,932258.9166666666
2020,BROOKLYN,11220,172,12,12,2100.6666666666665,746375.5
2020,BROOKLYN,11221,979,12,12,2598.391666666667,1040120.6666666666
2020,BROOKLYN,11222,948,12,12,3136.366666666667,1044151.75
2020,BROOKLYN,11223,87,12,12,1795.1999999999998,917003.6666666666
2020,BROOKLYN,11225,489,12,12,2380.9166666666665,1241847.75
2020,BROOKLYN,11226,521,12,12,2262.141666666667,793846.3333333334
2020,BROOKLYN,11228,23,12,12,1748.7083333333333,960748.1666666666
2020,BROOKLYN,11229,33,12,12,2023.5333333333333,716434.75
2020,BROOKLYN,11230,66,12,12,2134.008333333333,1024859.6666666666
2020,BROOKLYN,11231,199,12,12,3086.191666666667,1434137.1666666667
2020,BROOKLYN,11232,68,9,12,2375.7444444444445,716372.9166666666
2020,BROOKLYN,11233,809,12,12,2349.358333333333,776035.25
2020,BROOKLYN,11235,97,12,12,2092.2916666666665,590995.5
2020,BROOKLYN,11237,1295,12,12,2650.175,814787.5
2020,BROOKLYN,11238,816,12,12,3112.8083333333334,1186036.5833333333
2020,MANHATTAN,10001,391,12,12,3858.575,2026572.9166666667
2020,MANHATTAN,10002,539,10,12,3080.6,957236.0833333334
2020,MANHATTAN,10003,884,12,12,3288.608333333333,1308532.25
2020,MANHATTAN,10005,473,11,12,3618.445454545455,1051902.6666666667
2020,MANHATTAN,10009,1043,11,12,3172.7090909090907,1072772.8333333333
2020,MANHATTAN,10010,613,12,12,3581.866666666667,1592704.5833333333
2020,MANHATTAN,10011,739,12,12,3651.5416666666665,1778982.5833333333
2020,MANHATTAN,10012,646,12,12,3287.991666666667,2532089.083333333
2020,MANHATTAN,10013,904,12,12,4719.058333333333,3236128.0
2020,MANHATTAN,10014,175,12,12,3633.133333333333,2124108.6666666665
2020,MANHATTAN,10016,312,11,12,3456.3,1006588.1666666666
2020,MANHATTAN,10017,474,12,12,3028.608333333333,992564.5833333334
2020,MANHATTAN,10018,1151,12,12,3557.9333333333334,1373589.5
2020,MANHATTAN,10019,490,12,12,3345.2250000000004,1240222.0833333333
2020,MANHATTAN,10021,327,12,12,2695.725,1394769.5
2020,MANHATTAN,10022,270,12,12,3190.8500000000004,1269762.6666666667
2020,MANHATTAN,10023,645,12,12,3373.625,1454721.9166666667
2020,MANHATTAN,10024,799,12,12,3047.9333333333334,1633054.6666666667
2020,MANHATTAN,10026,540,12,12,2688.4666666666667,951243.25
2020,MANHATTAN,10027,410,12,12,2580.0583333333334,860804.75
2020,MANHATTAN,10028,590,12,12,2781.9750000000004,1477434.0
2020,MANHATTAN,10029,354,12,12,2452.9750000000004,546641.0
2020,MANHATTAN,10030,412,12,12,2235.6833333333334,855222.75
2020,MANHATTAN,10031,458,12,12,2427.5333333333333,655639.25
2020,MANHATTAN,10032,286,12,12,2234.65,520918.6666666667
2020,MANHATTAN,10033,218,12,12,2321.25,582700.4166666666
2020,MANHATTAN,10034,110,12,12,2003.4,436680.4166666667
2020,MANHATTAN,10035,152,12,12,2404.475,777439.9166666666
2020,MANHATTAN,10037,317,12,12,2139.575,486854.6666666667
2020,MANHATTAN,10039,269,8,12,2116.7625000000003,614849.5
2020,MANHATTAN,10040,146,12,12,1951.233333333333,477450.1666666667
2020,MANHATTAN,10044,77,9,12,3086.6666666666665,943722.9166666666
2020,MANHATTAN,10065,298,12,12,3073.875,1477968.25
2020,MANHATTAN,10069,42,12,12,4628.950000000001,1933001.5
2020,MANHATTAN,10075,336,12,12,2414.9750000000004,1135156.9166666667
2020,MANHATTAN,10280,66,12,12,3425.758333333333,883809.1666666666
2020,MANHATTAN,10282,23,12,12,5772.041666666667,2185345.333333333
2020,QUEENS,11101,76,12,12,3059.083333333333,799248.6666666666
2020,QUEENS,11102,236,12,12,2441.875,666734.5
2020,QUEENS,11103,369,12,12,2087.5,926216.0833333334
2020,QUEENS,11104,241,8,12,2009.7375,624902.25
2020,QUEENS,11105,196,12,12,2341.6916666666666,1038004.1666666666
2020,QUEENS,11106,291,12,12,2248.6666666666665,642368.75
2020,QUEENS,11354,52,12,12,2224.65,686298.4166666666
2020,QUEENS,11355,151,12,12,1859.8666666666663,678723.75
2020,QUEENS,11361,16,8,12,2191.6875,858136.1666666666
2020,QUEENS,11374,99,12,12,2222.75,597965.6666666666
2020,QUEENS,11375,51,12,12,2175.9166666666665,843562.0833333334
2020,QUEENS,11377,159,4,12,1909.4,793972.6666666666
2020,QUEENS,11385,167,12,12,2546.983333333333,706130.1666666666
2020,QUEENS,11415,54,7,12,1826.8142857142857,522792.0833333333
2020,QUEENS,11435,36,12,12,1747.125,561451.8333333334
2020,STATEN_ISLAND,10304,20,5,12,2397.8,549567.5
2020,STATEN_ISLAND,10314,3,12,12,1799.5333333333333,541988.5
2021,BRONX,10457,56,12,12,1811.7916666666667,522452.5
2021,BRONX,10458,51,12,12,1945.2666666666669,457956.75
2021,BRONX,10461,50,12,12,1824.55,610815.9166666666
2021,BRONX,10462,51,12,12,1811.8583333333331,199231.5833333333
2021,BRONX,10463,59,12,12,2379.1833333333334,430870.8333333333
2021,BRONX,10465,36,12,12,2136.7250000000004,574414.9166666666
2021,BRONX,10467,77,12,12,1850.1166666666663,434393.3333333333
2021,BROOKLYN,11201,397,12,12,3508.4333333333334,1277278.6666666667
2021,BROOKLYN,11203,229,10,12,2042.27,638399.0833333334
2021,BROOKLYN,11205,544,12,12,2778.125,934208.5
2021,BROOKLYN,11206,796,12,12,2846.891666666667,907284.3333333334
2021,BROOKLYN,11207,216,12,12,2474.483333333333,530486.0833333334
2021,BROOKLYN,11208,155,12,12,2143.7,630066.5833333334
2021,BROOKLYN,11209,75,12,12,1945.8666666666663,928390.0
2021,BROOKLYN,11210,170,12,12,2132.633333333333,814119.5
2021,BROOKLYN,11211,2101,12,12,3375.1666666666665,1072471.75
2021,BROOKLYN,11213,485,12,12,2417.0416666666665,989242.9166666666
2021,BROOKLYN,11214,54,12,12,1892.1666666666667,684362.9166666666
2021,BROOKLYN,11215,491,12,12,2883.6583333333333,1362516.5
2021,BROOKLYN,11216,984,12,12,2495.833333333333,1136209.0
2021,BROOKLYN,11217,459,12,12,3163.675,1432988.25
2021,BROOKLYN,11218,184,12,12,2320.3166666666666,953143.4166666666
2021,BROOKLYN,11219,57,2,12,1874.1,850656.5833333334
2021,BROOKLYN,11220,173,12,12,2068.05,741358.25
2021,BROOKLYN,11221,934,12,12,2554.9833333333336,1071570.75
2021,BROOKLYN,11222,698,12,12,3280.425,1068180.4166666667
2021,BROOKLYN,11223,97,12,12,1772.5416666666667,967155.3333333334
2021,BROOKLYN,11225,498,12,12,2352.4416666666666,1278577.6666666667
2021,BROOKLYN,11226,469,12,12,2234.8416666666667,804033.1666666666
2021,BROOKLYN,11228,34,12,12,1773.4,998804.75
2021,BROOKLYN,11229,61,12,12,2036.45,741905.75
2021,BROOKLYN,11230,71,12,12,2068.325,1023494.25
2021,BROOKLYN,11231,174,12,12,3079.008333333333,1411345.5
2021,BROOKLYN,11232,63,12,12,2377.5416666666665,690353.3333333334
2021,BROOKLYN,11233,1013,12,12,2269.7916666666665,846402.1666666666
2021,BROOKLYN,11235,128,12,12,2133.766666666667,621407.25
2021,BROOKLYN,11237,1036,12,12,2608.833333333333,822998.1666666666
2021,BROOKLYN,11238,686,12,12,3050.775,1132804.25
2021,MANHATTAN,10001,364,12,12,4019.933333333333,2007206.25
2021,MANHATTAN,10002,397,12,12,3049.008333333333,863112.9166666666
2021,MANHATTAN,10003,702,12,12,3310.141666666667,1418296.8333333333
2021,MANHATTAN,10005,457,12,12,3604.608333333333,1026900.6666666666
2021,MANHATTAN,10009,711,12,12,3118.05,1074037.4166666667
2021,MANHATTAN,10010,569,12,12,3585.633333333333,1508217.1666666667
2021,MANHATTAN,10011,570,12,12,3713.0,1686585.75
2021,MANHATTAN,10012,436,12,12,3307.925,2544311.5
2021,MANHATTAN,10013,1047,12,12,4764.283333333334,3157718.6666666665
2021,MANHATTAN,10014,161,12,12,3703.391666666667,1977412.5
2021,MANHATTAN,10016,467,12,12,3446.525,977836.4166666666
2021,MANHATTAN,10017,374,12,12,3006.1000000000004,870552.75
2021,MANHATTAN,10018,1147,12,12,3630.608333333333,1433693.8333333333
2021,MANHATTAN,10019,385,12,12,3347.1916666666666,1232561.75
2021,MANHATTAN,10021,341,12,12,2602.858333333333,1406696.8333333333
2021,MANHATTAN,10022,257,12,12,3095.7166666666667,1144579.3333333333
2021,MANHATTAN,10023,515,12,12,3376.4,1448189.6666666667
2021,MANHATTAN,10024,773,12,12,2990.725,1627470.75
2021,MANHATTAN,10026,466,12,12,2597.233333333333,950124.75
2021,MANHATTAN,10027,379,12,12,2475.0416666666665,861995.5
2021,MANHATTAN,10028,516,12,12,2666.616666666667,1409508.8333333333
2021,MANHATTAN,10029,312,12,12,2293.5333333333333,700709.0833333334
2021,MANHATTAN,10030,413,12,12,2183.5,821686.8333333334
2021,MANHATTAN,10031,376,12,12,2350.375,676006.25
2021,MANHATTAN,10032,242,12,12,2179.266666666667,621062.0833333334
2021,MANHATTAN,10033,180,12,12,2248.7250000000004,608596.5
2021,MANHATTAN,10034,139,12,12,1955.5833333333333,448655.25
2021,MANHATTAN,10035,123,12,12,2337.5,732842.25
2021,MANHATTAN,10037,291,12,12,2060.6666666666665,517288.25
2021,MANHATTAN,10039,229,12,12,2046.7916666666667,668714.6666666666
2021,MANHATTAN,10040,120,12,12,1913.65,501409.8333333333
2021,MANHATTAN,10044,77,12,12,3113.883333333333,940439.6666666666
2021,MANHATTAN,10065,206,12,12,2983.575,1491214.9166666667
2021,MANHATTAN,10069,51,12,12,4793.375,1941931.25
2021,MANHATTAN,10075,267,12,12,2304.8166666666666,1163591.75
2021,MANHATTAN,10280,68,12,12,3535.6916666666666,843551.25
2021,MANHATTAN,10282,19,11,12,5967.181818181818,2190434.25
2021,QUEENS,11101,140,12,12,3133.4666666666667,784913.9166666666
2021,QUEENS,11102,290,12,12,2382.5916666666667,676636.5
2021,QUEENS,11103,326,12,12,2070.025,942974.8333333334
2021,QUEENS,11104,238,12,12,1970.233333333333,631047.1666666666
2021,QUEENS,11105,227,12,12,2261.5416666666665,1043340.9166666666
2021,QUEENS,11106,335,12,12,2183.741666666667,647598.5833333334
2021,QUEENS,11354,55,12,12,2182.383333333333,679932.4166666666
2021,QUEENS,11355,284,12,12,1815.2333333333331,675732.1666666666
2021,QUEENS,11358,90,11,12,2047.918181818182,936072.9166666666
2021,QUEENS,11360,6,2,12,2080.0,702569.6666666666
2021,QUEENS,11361,55,12,12,2155.491666666667,890003.5
2021,QUEENS,11372,241,12,12,1887.6166666666663,483587.8333333333
2021,QUEENS,11373,208,9,12,1871.7777777777776,578745.3333333334
2021,QUEENS,11374,126,12,12,2199.2,621448.8333333334
2021,QUEENS,11375,40,12,12,2154.366666666667,830616.4166666666
2021,QUEENS,11377,413,12,12,1902.6166666666663,794613.1666666666
2021,QUEENS,11379,35,1,12,2137.5,782484.75
2021,QUEENS,11385,183,12,12,2507.641666666667,732049.3333333334
2021,QUEENS,11415,82,12,12,1910.6166666666663,520030.9166666667
2021,QUEENS,11435,69,11,12,1778.2454545454543,613944.6666666666
2021,STATEN_ISLAND,10304,31,12,12,2116.6833333333334,582417.1666666666
2021,STATEN_ISLAND,10305,45,1,12,1893.7,587424.5833333334
2021,STATEN_ISLAND,10306,34,2,12,1660.25,606155.25
2021,STATEN_ISLAND,10312,7,3,12,1898.6333333333332,603904.75
2021,STATEN_ISLAND,10314,7,12,12,1921.925,573984.6666666666
2022,BRONX,10452,56,12,10,1895.0636363636363,417875.1
2022,BRONX,10453,69,8,10,1857.35,677833.4
2022,BRONX,10454,90,9,10,2595.5375,652391.5
2022,BRONX,10455,72,8,10,2090.2625,462821.0
2022,BRONX,10456,98,9,10,2152.9375,454902.9
2022,BRONX,10457,69,11,10,1950.83,543640.7
2022,BRONX,10458,59,11,10,2114.018181818182,487849.6
2022,BRONX,10460,44,5,10,2020.78,594086.1
2022,BRONX,10461,58,17,10,1934.05,655278.1
2022,BRONX,10462,58,12,10,1954.77,200402.2
2022,BRONX,10463,73,15,10,2524.1545454545453,434158.3
2022,BRONX,10465,39,15,10,2330.01,613625.8
2022,BRONX,10466,119,8,10,1946.7142857142856,560980.3
2022,BRONX,10467,88,12,10,1950.8,455648.8
2022,BRONX,10468,65,6,10,1796.5166666666669,339862.6
2022,BRONX,10469,122,9,10,1883.0111111111112,592184.8
2022,BRONX,10471,15,11,10,2323.057142857143,748826.8
2022,BRONX,10472,18,5,10,2164.625,627061.7
2022,BRONX,10473,62,5,10,2450.05,521522.2
2022,BROOKLYN,11201,453,17,10,3923.4882352941177,1319598.7
2022,BROOKLYN,11203,273,10,10,2282.75,678205.0
2022,BROOKLYN,11205,732,10,10,3300.3,998726.3
2022,BROOKLYN,11206,996,11,10,3236.7818181818184,920709.6
2022,BROOKLYN,11207,268,12,10,3120.4,564686.7
2022,BROOKLYN,11208,167,10,10,2427.66,661930.2
2022,BROOKLYN,11209,99,10,10,2035.3,988649.4
2022,BROOKLYN,11210,198,12,10,2203.725,858834.4
2022,BROOKLYN,11211,2730,13,10,4141.138461538461,1150638.4
2022,BROOKLYN,11212,208,10,10,2450.68,565813.6
2022,BROOKLYN,11213,582,12,10,2598.366666666667,1074487.1
2022,BROOKLYN,11214,62,10,10,2060.9,716947.2
2022,BROOKLYN,11215,649,10,10,3354.18,1465798.0
2022,BROOKLYN,11216,1287,11,10,2952.827272727273,1242107.2
2022,BROOKLYN,11217,656,13,10,3512.730769230769,1531767.1
2022,BROOKLYN,11218,231,10,10,2552.81,996101.6
2022,BROOKLYN,11219,63,10,10,2020.22,907365.6
2022,BROOKLYN,11220,233,10,10,2268.35,774680.8
2022,BROOKLYN,11221,1165,10,10,3014.76,1184248.8
2022,BROOKLYN,11222,1001,14,10,3720.6214285714286,1145620.1
2022,BROOKLYN,11223,126,11,10,2077.0454545454545,1010828.9
2022,BROOKLYN,11224,44,4,10,2953.475,612614.4
2022,BROOKLYN,11225,667,11,10,2714.6363636363635,1372638.6
2022,BROOKLYN,11226,643,12,10,2487.0583333333334,835676.9
2022,BROOKLYN,11228,38,10,10,2029.94,1058924.4
2022,BROOKLYN,11229,81,10,10,2163.46,780479.0
2022,BROOKLYN,11230,97,10,10,2240.55,1083692.4
2022,BROOKLYN,11231,225,10,10,3544.7,1497689.7
2022,BROOKLYN,11232,83,10,10,2674.33,720332.5
2022,BROOKLYN,11233,1194,12,10,2611.741666666667,894202.6
2022,BROOKLYN,11234,60,9,10,2399.2444444444445,722477.0
2022,BROOKLYN,11235,155,12,10,2523.825,655850.2
2022,BROOKLYN,11236,227,9,10,1952.9333333333332,636843.2
2022,BROOKLYN,11237,1309,10,10,3187.61,892186.9
2022,BROOKLYN,11238,964,10,10,3540.19,1200487.2
2022,MANHATTAN,10001,470,11,10,5545.745454545455,2202837.5
2022,MANHATTAN,10002,522,11,10,3794.7545454545457,940974.8
2022,MANHATTAN,10003,952,13,10,4170.638461538461,1587834.7
2022,MANHATTAN,10005,528,10,10,4360.1,1083694.6
2022,MANHATTAN,10009,959,15,10,4025.82,1170548.9
2022,MANHATTAN,10010,827,12,10,4772.05,1591799.7
2022,MANHATTAN,10011,739,16,10,9458.6625,1838263.9
2022,MANHATTAN,10012,594,16,10,10005.7625,2857817.5
2022,MANHATTAN,10013,1266,19,10,14700.831578947367,3421585.1
2022,MANHATTAN,10014,218,12,10,10878.275,2181070.2
2022,MANHATTAN,10016,561,11,10,4345.981818181818,1023268.1
2022,MANHATTAN,10017,462,13,10,5234.307692307692,895369.4
2022,MANHATTAN,10018,1388,11,10,4461.781818181818,1546807.6
2022,MANHATTAN,10019,457,11,10,6040.536363636364,1319272.4
2022,MANHATTAN,10021,449,14,10,6224.414285714286,1531814.6
2022,MANHATTAN,10022,340,12,10,7019.041666666667,1189999.6
2022,MANHATTAN,10023,722,11,10,4545.263636363637,1536943.7
2022,MANHATTAN,10024,1014,11,10,5091.381818181818,1737841.6
2022,MANHATTAN,10026,626,10,10,2975.88,1009945.7
2022,MANHATTAN,10027,515,11,10,3562.2545454545457,909733.4
2022,MANHATTAN,10028,674,13,10,8709.653846153846,1515127.0
2022,MANHATTAN,10029,410,13,10,2823.9692307692308,801171.2
2022,MANHATTAN,10030,495,10,10,2463.22,868316.2
2022,MANHATTAN,10031,481,13,10,3460.6153846153848,724138.8
2022,MANHATTAN,10032,310,10,10,2435.19,661736.2
2022,MANHATTAN,10033,227,10,10,2451.39,635817.9
2022,MANHATTAN,10034,138,10,10,2118.12,491804.9
2022,MANHATTAN,10035,172,11,10,2625.1363636363635,772017.7
2022,MANHATTAN,10037,391,10,10,2308.7,554257.0
2022,MANHATTAN,10039,304,10,10,2336.51,698445.9
2022,MANHATTAN,10040,152,10,10,2127.76,540188.9
2022,MANHATTAN,10044,85,11,10,3807.918181818182,973310.4
2022,MANHATTAN,10065,301,14,10,10581.142857142857,1595670.0
2022,MANHATTAN,10069,67,10,10,5675.4,2102033.6
2022,MANHATTAN,10075,370,10,10,2890.02,1248309.8
2022,MANHATTAN,10280,101,10,10,4196.99,885593.6
2022,MANHATTAN,10282,31,10,10,7539.07,2407798.3
2022,QUEENS,11004,6,1,10,5000.0,759113.1
2022,QUEENS,11101,140,13,10,3675.246153846154,804049.0
2022,QUEENS,11102,351,12,10,2640.733333333333,685213.9
2022,QUEENS,11103,417,12,10,2301.241666666667,992686.1
2022,QUEENS,11104,280,12,10,2327.5,660311.0
2022,QUEENS,11105,248,14,10,2428.9357142857143,1096246.6
2022,QUEENS,11106,424,10,10,2445.9,667475.3
2022,QUEENS,11354,59,10,10,2372.38,699018.4
2022,QUEENS,11355,301,11,10,1921.3909090909087,700258.2
2022,QUEENS,11356,35,3,10,2309.9666666666667,783582.9
2022,QUEENS,11357,10,8,10,2693.2375,994086.3
2022,QUEENS,11358,117,9,10,2323.0,993699.0
2022,QUEENS,11360,7,12,10,2364.491666666667,732222.0
2022,QUEENS,11361,65,11,10,2355.6545454545453,955138.3
2022,QUEENS,11362,5,1,10,2950.0,985342.2
2022,QUEENS,11363,3,1,10,1795.0,1103964.4
2022,QUEENS,11364,6,5,10,2476.26,952809.5
2022,QUEENS,11365,30,8,10,2483.1875,938809.1
2022,QUEENS,11367,39,5,10,2478.88,838199.5
2022,QUEENS,11368,141,1,10,2039.5,571892.3
2022,QUEENS,11370,34,1,10,3400.0,760890.3
2022,QUEENS,11372,248,10,10,2062.44,501556.6
2022,QUEENS,11373,215,11,10,2011.5727272727272,590277.5
2022,QUEENS,11374,149,10,10,2393.72,630222.4
2022,QUEENS,11375,50,15,10,2930.526666666666,870997.0
2022,QUEENS,11377,385,14,10,2300.0,829358.8
2022,QUEENS,11378,86,12,10,2473.4416666666666,823000.6
2022,QUEENS,11379,42,12,10,2264.858333333333,826936.7
2022,QUEENS,11385,231,25,10,2919.024,767211.8
2022,QUEENS,11412,139,2,10,1150.0,650777.5
2022,QUEENS,11413,148,3,10,3033.333333333333,646525.2
2022,QUEENS,11414,32,1,10,2100.0,776587.8
2022,QUEENS,11415,101,11,10,2001.5727272727272,544864.3
2022,QUEENS,11417,63,1,10,1950.0,663566.2
2022,QUEENS,11418,49,8,10,2491.4,697998.1
2022,QUEENS,11421,120,1,10,4200.0,671280.4
2022,QUEENS,11422,78,1,10,3150.0,634242.8
2022,QUEENS,11423,70,1,10,4795.0,742090.6
2022,QUEENS,11426,5,6,10,2537.5,713849.1
2022,QUEENS,11427,10,1,10,2600.0,767260.3
2022,QUEENS,11428,25,1,10,1800.0,685692.0
2022,QUEENS,11429,74,2,10,3000.0,652049.0
2022,QUEENS,11432,73,16,10,2423.79375,934240.9
2022,QUEENS,11433,56,5,10,3673.0,626184.8
2022,QUEENS,11434,188,3,10,2515.1666666666665,631653.1
2022,QUEENS,11435,72,12,10,1923.5666666666664,655826.8
2022,QUEENS,11436,100,1,10,2100.0,610620.5
2022,QUEENS,11691,81,10,10,2706.15,643481.2
2022,QUEENS,11692,112,1,10,2700.0,562100.5
2022,QUEENS,11694,64,3,10,3133.333333333333,955955.1
2022,STATEN_ISLAND,10301,143,8,10,2204.6,667275.2
2022,STATEN_ISLAND,10303,22,1,10,3000.0,476213.6
2022,STATEN_ISLAND,10304,35,12,10,2245.108333333333,637631.5
2022,STATEN_ISLAND,10305,53,12,10,2109.0,650454.3
2022,STATEN_ISLAND,10306,35,11,10,1997.6909090909087,670325.1
2022,STATEN_ISLAND,10308,18,2,10,2432.9,650727.1
2022,STATEN_ISLAND,10309,6,2,10,1925.65,713093.5
2022,STATEN_ISLAND,10312,11,12,10,1999.7583333333332,673293.5
2022,STATEN_ISLAND,10314,9,15,10,2054.54,637929.3
