zipcode,year,borough,rent,home_value,count
10001,2015,MANHATTAN,4010.0,2280604.0,350
10001,2016,MANHATTAN,4022.983333333333,2369453.25,666
10001,2017,MANHATTAN,3958.383333333333,2271803.5,418
10001,2018,MANHATTAN,4001.0666666666666,2351996.8333333335,491
10001,2019,MANHATTAN,4145.266666666666,2380720.4166666665,275
10001,2020,MANHATTAN,3858.5750000000003,2026572.9166666667,391
10001,2021,MANHATTAN,4019.9333333333334,2007206.25,364
10001,2022,MANHATTAN,5545.745454545455,2202837.5,470
10002,2015,MANHATTAN,2982.1699999999996,1006425.0,337
10002,2016,MANHATTAN,3040.6583333333333,974477.6666666666,547
10002,2017,MANHATTAN,3079.7916666666665,905242.0,684
10002,2018,MANHATTAN,3143.608333333333,853343.0,724
10002,2019,MANHATTAN,3227.8416666666667,943931.5833333334,960
10002,2020,MANHATTAN,3080.6,957236.0833333334,539
10002,2021,MANHATTAN,3049.008333333333,863112.9166666666,397
10002,2022,MANHATTAN,3794.7545454545457,940974.8,522
10003,2015,MANHATTAN,3257.43,1449640.4166666667,607
10003,2016,MANHATTAN,3301.483333333333,1437530.25,635
10003,2017,MANHATTAN,3332.5916666666667,1402998.5,2184
10003,2018,MANHATTAN,3374.7749999999996,1471335.5833333333,1244
10003,2019,MANHATTAN,3475.691666666667,1490853.25,1123
10003,2020,MANHATTAN,3288.608333333333,1308532.25,884
10003,2021,MANHATTAN,3310.141666666667,1418296.8333333333,702
10003,2022,MANHATTAN,4170.638461538461,1587834.7,952
10005,2015,MANHATTAN,3588.99,1124187.9166666667,456
10005,2016,MANHATTAN,3578.9666666666667,1198957.3333333333,444
10005,2017,MANHATTAN,3561.7,1198042.8333333333,725
10005,2018,MANHATTAN,3661.1000000000004,1176414.25,466
10005,2019,MANHATTAN,3777.983333333333,1110440.6666666667,352
10005,2020,MANHATTAN,3618.4454545454546,1051902.6666666667,473
10005,2021,MANHATTAN,3604.608333333333,1026900.6666666666,457
10005,2022,MANHATTAN,4360.1,1083694.6,528
10009,2015,MANHATTAN,3152.19,1125703.5833333333,592
10009,2016,MANHATTAN,3196.025,1094491.4,683
10009,2017,MANHATTAN,3224.508333333333,1091941.3333333333,2593
10009,2018,MANHATTAN,3259.1499999999996,1150376.6666666667,1425
10009,2019,MANHATTAN,3342.991666666667,1107907.3333333333,1073
10009,2020,MANHATTAN,3172.7090909090907,1072772.8333333333,1043
10009,2021,MANHATTAN,3118.05,1074037.4166666667,711
10009,2022,MANHATTAN,4025.82,1170548.9,959
10010,2015,MANHATTAN,3595.1299999999997,1808973.8333333333,535
10010,2016,MANHATTAN,3645.1916666666666,1825040.0833333333,549
10010,2017,MANHATTAN,3684.6499999999996,1768572.25,942
10010,2018,MANHATTAN,3704.3416666666662,1694063.3333333333,1124
10010,2019,MANHATTAN,3807.875,1722271.1666666667,623
10010,2020,MANHATTAN,3581.866666666667,1592704.5833333333,613
10010,2021,MANHATTAN,3585.633333333333,1508217.1666666667,569
10010,2022,MANHATTAN,4772.05,1591799.7,827
10011,2015,MANHATTAN,3613.18,2082922.8333333333,514
10011,2016,MANHATTAN,3673.8250000000003,2136995.75,1100
10011,2017,MANHATTAN,3685.891666666667,2074661.0,1008
10011,2018,MANHATTAN,3747.2833333333338,2038438.3333333333,957
10011,2019,MANHATTAN,3843.141666666667,1966323.0833333333,934
10011,2020,MANHATTAN,3651.5416666666665,1778982.5833333333,739
10011,2021,MANHATTAN,3713.0,1686585.75,570
10011,2022,MANHATTAN,9458.6625,1838263.9,739
10012,2015,MANHATTAN,3222.57,2477989.8333333335,403
10012,2016,MANHATTAN,3280.0166666666664,2501080.5833333335,370
10012,2017,MANHATTAN,3292.858333333333,2312505.0833333335,1131
10012,2018,MANHATTAN,3346.0166666666664,2397648.25,821
10012,2019,MANHATTAN,3464.5833333333335,2606977.5,1154
10012,2020,MANHATTAN,3287.991666666667,2532089.0833333335,646
10012,2021,MANHATTAN,3307.925,2544311.5,436
10012,2022,MANHATTAN,10005.7625,2857817.5,594
10013,2015,MANHATTAN,4612.259999999999,3401886.4166666665,983
10013,2016,MANHATTAN,4649.466666666666,3509708.75,1090
10013,2017,MANHATTAN,4670.516666666666,3468381.75,1050
10013,2018,MANHATTAN,4776.9,3371905.3333333335,1249
10013,2019,MANHATTAN,4923.258333333333,3310300.5,1779
10013,2020,MANHATTAN,4719.058333333333,3236128.0,904
10013,2021,MANHATTAN,4764.283333333334,3157718.6666666665,1047
10013,2022,MANHATTAN,14700.831578947369,3421585.1,1266
10014,2015,MANHATTAN,3502.4100000000003,2047521.3333333333,137
10014,2016,MANHATTAN,3545.5,2091179.25,127
10014,2017,MANHATTAN,3591.116666666667,2288907.0833333335,256
10014,2018,MANHATTAN,3657.8083333333334,2461694.4166666665,269
10014,2019,MANHATTAN,3771.2999999999997,2295021.6666666665,444
10014,2020,MANHATTAN,3633.133333333333,2124108.6666666665,175
10014,2021,MANHATTAN,3703.391666666667,1977412.5,161
10014,2022,MANHATTAN,10878.275,2181070.2,218
10016,2015,MANHATTAN,3569.0899999999997,1060130.0,436
10016,2016,MANHATTAN,3570.183333333333,1098404.3333333333,431
10016,2017,MANHATTAN,3548.883333333333,1102129.4166666667,271
10016,2018,MANHATTAN,3587.733333333333,1091157.1666666667,511
10016,2019,MANHATTAN,3682.5666666666666,1059822.5,396
10016,2020,MANHATTAN,3456.2999999999997,1006588.1666666666,312
10016,2021,MANHATTAN,3446.5249999999996,977836.4166666666,467
10016,2022,MANHATTAN,4345.981818181818,1023268.1,561
10017,2015,MANHATTAN,3099.92,1001648.4166666666,415
10017,2016,MANHATTAN,3156.4750000000004,1025001.5,357
10017,2017,MANHATTAN,3152.241666666667,984854.6363636364,222
10017,2018,MANHATTAN,3146.508333333333,938151.1666666666,389
10017,2019,MANHATTAN,3210.633333333333,981281.25,681
10017,2020,MANHATTAN,3028.608333333333,992564.5833333334,474
10017,2021,MANHATTAN,3006.1000000000004,870552.75,374
10017,2022,MANHATTAN,5234.307692307692,895369.4,462
10018,2015,MANHATTAN,3638.65,1686661.0,1312
10018,2016,MANHATTAN,3625.108333333333,1599573.7,1262
10018,2017,MANHATTAN,3704.858333333333,1513678.25,1064
10018,2018,MANHATTAN,3713.233333333333,1463682.25,2485
10018,2019,MANHATTAN,3843.2083333333335,1388542.4166666667,1094
10018,2020,MANHATTAN,3557.9333333333334,1373589.5,1151
10018,2021,MANHATTAN,3630.608333333333,1433693.8333333333,1147
10018,2022,MANHATTAN,4461.781818181818,1546807.6,1388
10019,2015,MANHATTAN,3500.58,1384739.9166666667,363
10019,2016,MANHATTAN,3497.2,1425513.8333333333,364
10019,2017,MANHATTAN,3483.0,1399609.75,462
10019,2018,MANHATTAN,3483.0249999999996,1376501.5833333333,928
10019,2019,MANHATTAN,3545.383333333333,1303237.3333333333,564
10019,2020,MANHATTAN,3345.2250000000004,1240222.0833333333,490
10019,2021,MANHATTAN,3347.1916666666666,1232561.75,385
10019,2022,MANHATTAN,6040.536363636364,1319272.4,457
10021,2015,MANHATTAN,2634.5,1349713.8333333333,309
10021,2016,MANHATTAN,2668.4333333333334,1356499.0833333333,266
10021,2017,MANHATTAN,2686.633333333333,1373223.75,344
10021,2018,MANHATTAN,2736.3083333333334,1459849.8333333333,337
10021,2019,MANHATTAN,2812.8416666666667,1378502.4166666667,704
10021,2020,MANHATTAN,2695.725,1394769.5,327
10021,2021,MANHATTAN,2602.858333333333,1406696.8333333333,341
10021,2022,MANHATTAN,6224.414285714286,1531814.6,449
10022,2015,MANHATTAN,3234.7799999999997,1466448.3333333333,240
10022,2016,MANHATTAN,3271.141666666667,1356859.9090909092,248
10022,2017,MANHATTAN,3268.0333333333333,1284408.5,235
10022,2018,MANHATTAN,3282.8999999999996,1318202.0,238
10022,2019,MANHATTAN,3353.0249999999996,1302252.8333333333,501
10022,2020,MANHATTAN,3190.8500000000004,1269762.6666666667,270
10022,2021,MANHATTAN,3095.7166666666667,1144579.3333333333,257
10022,2022,MANHATTAN,7019.041666666667,1189999.6,340
10023,2015,MANHATTAN,3444.4,1306792.1666666667,461
10023,2016,MANHATTAN,3451.875,1376116.4166666667,416
10023,2017,MANHATTAN,3446.491666666667,1406405.0833333333,778
10023,2018,MANHATTAN,3476.7666666666664,1488123.6666666667,794
10023,2019,MANHATTAN,3530.3083333333334,1403723.0833333333,1477
10023,2020,MANHATTAN,3373.625,1454721.9166666667,645
10023,2021,MANHATTAN,3376.3999999999996,1448189.6666666667,515
10023,2022,MANHATTAN,4545.263636363637,1536943.7,722
10024,2015,MANHATTAN,3025.7,1471960.5833333333,710
10024,2016,MANHATTAN,3042.266666666667,1500554.9166666667,703
10024,2017,MANHATTAN,3044.55,1546713.4166666667,786
10024,2018,MANHATTAN,3087.358333333333,1750179.9166666667,879
10024,2019,MANHATTAN,3166.4583333333335,1726462.0833333333,1721
10024,2020,MANHATTAN,3047.9333333333334,1633054.6666666667,799
10024,2021,MANHATTAN,2990.725,1627470.75,773
10024,2022,MANHATTAN,5091.381818181818,1737841.6,1014
10026,2015,MANHATTAN,2614.06,919022.3333333334,414
10026,2016,MANHATTAN,2677.0416666666665,977956.8333333334,404
10026,2017,MANHATTAN,2696.6,1001081.75,990
10026,2018,MANHATTAN,2736.6833333333334,1002733.6666666666,826
10026,2019,MANHATTAN,2801.9666666666667,972939.4166666666,501
10026,2020,MANHATTAN,2688.4666666666667,951243.25,540
10026,2021,MANHATTAN,2597.233333333333,950124.75,466
10026,2022,MANHATTAN,2975.88,1009945.7,626
10027,2015,MANHATTAN,2451.27,908313.0833333334,334
10027,2016,MANHATTAN,2527.891666666667,999008.6666666666,343
10027,2017,MANHATTAN,2544.891666666667,1000663.4166666666,738
10027,2018,MANHATTAN,2598.5416666666665,978541.1666666666,704
10027,2019,MANHATTAN,2660.891666666667,973867.5833333334,417
10027,2020,MANHATTAN,2580.0583333333334,860804.75,410
10027,2021,MANHATTAN,2475.0416666666665,861995.5,379
10027,2022,MANHATTAN,3562.2545454545457,909733.4,515
10028,2015,MANHATTAN,2694.51,1583822.0,472
10028,2016,MANHATTAN,2745.633333333333,1566997.25,477
10028,2017,MANHATTAN,2776.375,1528383.8333333333,745
10028,2018,MANHATTAN,2816.675,1635218.25,719
10028,2019,MANHATTAN,2901.5666666666666,1572678.0,1265
10028,2020,MANHATTAN,2781.9750000000004,1477434.0,590
10028,2021,MANHATTAN,2666.616666666667,1409508.8333333333,516
10028,2022,MANHATTAN,8709.653846153846,1515127.0,674
10029,2015,MANHATTAN,2368.1,860422.6666666666,290
10029,2016,MANHATTAN,2384.0833333333335,855316.0,281
10029,2017,MANHATTAN,2466.4083333333333,899730.0,825
10029,2018,MANHATTAN,2515.175,935123.5,523
10029,2019,MANHATTAN,2560.625,684806.0,332
10029,2020,MANHATTAN,2452.9750000000004,546641.0,354
10029,2021,MANHATTAN,2293.5333333333333,700709.0833333334,312
10029,2022,MANHATTAN,2823.9692307692308,801171.2,410
10030,2015,MANHATTAN,1979.18,719161.1666666666,370
10030,2016,MANHATTAN,2100.8333333333335,801139.5,375
10030,2017,MANHATTAN,2139.7,843828.6666666666,765
10030,2018,MANHATTAN,2182.7083333333335,870348.75,708
10030,2019,MANHATTAN,2256.0916666666667,871621.6666666666,401
10030,2020,MANHATTAN,2235.6833333333334,855222.75,412
10030,2021,MANHATTAN,2183.5,821686.8333333334,413
10030,2022,MANHATTAN,2463.22,868316.2,495
10031,2015,MANHATTAN,2225.71,685248.9166666666,350
10031,2016,MANHATTAN,2322.3416666666667,716766.4166666666,357
10031,2017,MANHATTAN,2368.883333333333,726529.5833333334,804
10031,2018,MANHATTAN,2416.7166666666667,768459.3333333334,798
10031,2019,MANHATTAN,2476.55,728754.5833333334,466
10031,2020,MANHATTAN,2427.5333333333333,655639.25,458
10031,2021,MANHATTAN,2350.375,676006.25,376
10031,2022,MANHATTAN,3460.6153846153848,724138.8,481
10032,2015,MANHATTAN,2079.97,436993.4166666667,212
10032,2016,MANHATTAN,2118.925,445350.75,222
10032,2017,MANHATTAN,2214.625,462878.5833333333,266
10032,2018,MANHATTAN,2240.5,518966.75,332
10032,2019,MANHATTAN,2269.3416666666667,581325.9166666666,658
10032,2020,MANHATTAN,2234.6499999999996,520918.6666666667,286
10032,2021,MANHATTAN,2179.266666666667,621062.0833333334,242
10032,2022,MANHATTAN,2435.19,661736.2,310
10033,2015,MANHATTAN,2151.71,564003.75,161
10033,2016,MANHATTAN,2231.6833333333334,609010.75,171
10033,2017,MANHATTAN,2259.1499999999996,622307.1666666666,250
10033,2018,MANHATTAN,2328.2333333333336,658638.75,249
10033,2019,MANHATTAN,2371.325,646203.75,484
10033,2020,MANHATTAN,2321.25,582700.4166666666,218
10033,2021,MANHATTAN,2248.7250000000004,608596.5,180
10033,2022,MANHATTAN,2451.39,635817.9,227
10034,2015,MANHATTAN,1805.9,386398.0833333333,131
10034,2016,MANHATTAN,1860.2083333333333,434167.4166666667,114
10034,2017,MANHATTAN,1886.0249999999999,465052.9166666667,93
10034,2018,MANHATTAN,1956.5583333333334,464972.75,294
10034,2019,MANHATTAN,1994.0666666666666,485960.6666666667,99
10034,2020,MANHATTAN,2003.3999999999999,436680.4166666667,110
10034,2021,MANHATTAN,1955.5833333333333,448655.25,139
10034,2022,MANHATTAN,2118.12,491804.9,138
10035,2015,MANHATTAN,2252.17,861841.4166666666,111
10035,2016,MANHATTAN,2302.3333333333335,850324.25,93
10035,2017,MANHATTAN,2374.008333333333,895862.25,330
10035,2018,MANHATTAN,2419.8083333333334,898639.75,189
10035,2019,MANHATTAN,2484.4583333333335,803571.1666666666,117
10035,2020,MANHATTAN,2404.475,777439.9166666666,152
10035,2021,MANHATTAN,2337.5,732842.25,123
10035,2022,MANHATTAN,2625.1363636363635,772017.7,172
10037,2019,MANHATTAN,2188.133333333333,464354.5,290
10037,2020,MANHATTAN,2139.575,486854.6666666667,317
10037,2021,MANHATTAN,2060.6666666666665,517288.25,291
10037,2022,MANHATTAN,2308.7,554257.0,391
10039,2020,MANHATTAN,2116.7625000000003,614849.5,269
10039,2021,MANHATTAN,2046.7916666666667,668714.6666666666,229
10039,2022,MANHATTAN,2336.51,698445.9,304
10040,2015,MANHATTAN,1717.1100000000001,530894.6666666666,112
10040,2016,MANHATTAN,1766.8583333333333,605967.8333333334,116
10040,2017,MANHATTAN,1835.7666666666669,593367.9166666666,177
10040,2018,MANHATTAN,1881.9166666666667,567769.75,320
10040,2019,MANHATTAN,1928.9166666666667,556148.25,228
10040,2020,MANHATTAN,1951.2333333333331,477450.1666666667,146
10040,2021,MANHATTAN,1913.6499999999999,501409.8333333333,120
10040,2022,MANHATTAN,2127.76,540188.9,152
10044,2020,MANHATTAN,3086.6666666666665,943722.9166666666,77
10044,2021,MANHATTAN,3113.883333333333,940439.6666666666,77
10044,2022,MANHATTAN,3807.918181818182,973310.4,85
10065,2015,MANHATTAN,3004.76,1472092.4166666667,220
10065,2016,MANHATTAN,3053.633333333333,1472436.5,263
10065,2017,MANHATTAN,3066.5333333333333,1442142.9166666667,219
10065,2018,MANHATTAN,3120.1916666666666,1486847.75,204
10065,2019,MANHATTAN,3200.258333333333,1465692.6666666667,506
10065,2020,MANHATTAN,3073.875,1477968.25,298
10065,2021,MANHATTAN,2983.575,1491214.9166666667,206
10065,2022,MANHATTAN,10581.142857142857,1595670.0,301
10069,2017,MANHATTAN,4759.816666666667,2227467.8333333335,66
10069,2018,MANHATTAN,4824.108333333334,2089360.5833333333,49
10069,2019,MANHATTAN,4985.816666666667,1984795.5833333333,109
10069,2020,MANHATTAN,4628.950000000001,1933001.5,42
10069,2021,MANHATTAN,4793.375,1941931.25,51
10069,2022,MANHATTAN,5675.4,2102033.6,67
10075,2015,MANHATTAN,2304.86,1019505.8333333334,236
10075,2016,MANHATTAN,2337.1833333333334,1037782.9166666666,239
10075,2017,MANHATTAN,2357.1916666666666,1030613.4166666666,342
10075,2018,MANHATTAN,2390.233333333333,1140534.6666666667,357
10075,2019,MANHATTAN,2488.5583333333334,1125781.4166666667,729
10075,2020,MANHATTAN,2414.9750000000004,1135156.9166666667,336
10075,2021,MANHATTAN,2304.8166666666666,1163591.75,267
10075,2022,MANHATTAN,2890.02,1248309.8,370
10280,2016,MANHATTAN,3456.2,954916.5833333334,64
10280,2017,MANHATTAN,3407.575,989377.9166666666,212
10280,2018,MANHATTAN,3489.8999999999996,987590.5,64
10280,2019,MANHATTAN,3622.3083333333334,918778.8333333334,50
10280,2020,MANHATTAN,3425.758333333333,883809.1666666666,66
10280,2021,MANHATTAN,3535.6916666666666,843551.25,68
10280,2022,MANHATTAN,4196.99,885593.6,101
10282,2015,MANHATTAN,5768.61,2312762.0,17
10282,2016,MANHATTAN,5720.141666666666,2386422.9166666665,19
10282,2017,MANHATTAN,5776.833333333333,2386658.8333333335,41
10282,2018,MANHATTAN,5750.791666666667,2399849.0833333335,38
10282,2019,MANHATTAN,6012.1,2291999.0833333335,49
10282,2020,MANHATTAN,5772.041666666667,2185345.3333333335,23
10282,2021,MANHATTAN,5967.181818181818,2190434.25,19
10282,2022,MANHATTAN,7539.07,2407798.3,31
10301,2022,STATEN_ISLAND,2204.6,667275.2,143
10303,2022,STATEN_ISLAND,3000.0,476213.6,22
10304,2020,STATEN_ISLAND,2397.8,549567.5,20
10304,2021,STATEN_ISLAND,2116.6833333333334,582417.1666666666,31
10304,2022,STATEN_ISLAND,2245.108333333333,637631.5,35
10305,2021,STATEN_ISLAND,1893.7,587424.5833333334,45
10305,2022,STATEN_ISLAND,2109.0,650454.3,53
10306,2021,STATEN_ISLAND,1660.25,606155.25,34
10306,2022,STATEN_ISLAND,1997.6909090909091,670325.1,35
10308,2022,STATEN_ISLAND,2432.9,650727.1,18
10309,2022,STATEN_ISLAND,1925.65,713093.5,6
10312,2021,STATEN_ISLAND,1898.6333333333334,603904.75,7
10312,2022,STATEN_ISLAND,1999.7583333333334,673293.5,11
10314,2016,STATEN_ISLAND,1414.97,435365.6666666667,6
10314,2017,STATEN_ISLAND,1507.881818181818,487216.1666666667,3
10314,2018,STATEN_ISLAND,1568.375,539089.9166666666,4
10314,2019,STATEN_ISLAND,1625.4,545351.1666666666,8
10314,2020,STATEN_ISLAND,1799.5333333333333,541988.5,3
10314,2021,STATEN_ISLAND,1921.9250000000002,573984.6666666666,7
10314,2022,STATEN_ISLAND,2054.54,637929.3,9
10452,2022,BRONX,1895.0636363636363,417875.1,56
10453,2022,BRONX,1857.35,677833.4,69
10454,2022,BRONX,2595.5375,652391.5,90
10455,2022,BRONX,2090.2625,462821.0,72
10456,2022,BRONX,2152.9375,454902.9,98
10457,2015,BRONX,1301.13,324363.9166666667,51
10457,2016,BRONX,1432.8181818181818,352507.75,44
10457,2017,BRONX,1530.2083333333333,377363.5,18
10457,2018,BRONX,1655.5916666666667,404723.3333333333,21
10457,2019,BRONX,1707.35,458172.4166666667,24
10457,2020,BRONX,1824.7416666666666,496782.0833333333,16
10457,2021,BRONX,1811.7916666666667,522452.5,56
10457,2022,BRONX,1950.83,543640.7,69
10458,2015,BRONX,1412.1899999999998,284365.8333333333,41
10458,2016,BRONX,1531.75,307498.6666666667,47
10458,2017,BRONX,1663.9083333333335,332939.75,27
10458,2018,BRONX,1741.6083333333333,353069.4166666667,23
10458,2019,BRONX,1782.5916666666667,400902.4166666667,15
10458,2020,BRONX,1867.7083333333333,378771.9166666667,26
10458,2021,BRONX,1945.2666666666669,457956.75,51
10458,2022,BRONX,2114.018181818182,487849.6,59
10460,2022,BRONX,2020.78,594086.1,44
10461,2015,BRONX,1320.46,409960.1666666667,49
10461,2016,BRONX,1388.975,419900.0,39
10461,2017,BRONX,1496.525,453681.8333333333,13
10461,2018,BRONX,1579.2916666666667,489976.8333333333,14
10461,2019,BRONX,1667.9166666666667,532643.8333333334,31
10461,2020,BRONX,1767.5166666666667,578386.0833333334,26
10461,2021,BRONX,1824.5500000000002,610815.9166666666,50
10461,2022,BRONX,1934.05,655278.1,58
10462,2015,BRONX,1372.0099999999998,124176.0,42
10462,2016,BRONX,1475.3416666666667,134210.25,42
10462,2017,BRONX,1564.3000000000002,143315.5,28
10462,2018,BRONX,1642.2083333333333,162510.5,28
10462,2019,BRONX,1721.125,184555.58333333334,48
10462,2020,BRONX,1766.3083333333334,202890.33333333334,25
10462,2021,BRONX,1811.8583333333333,199231.58333333334,51
10462,2022,BRONX,1954.77,200402.2,58
10463,2015,BRONX,2072.79,333158.6666666667,48
10463,2016,BRONX,2171.2833333333333,366111.25,48
10463,2017,BRONX,2250.5416666666665,373742.6666666667,48
10463,2018,BRONX,2308.025,357383.4166666667,105
10463,2019,BRONX,2340.675,403598.0833333333,79
10463,2020,BRONX,2378.5,434285.0833333333,51
10463,2021,BRONX,2379.1833333333334,430870.8333333333,59
10463,2022,BRONX,2524.1545454545453,434158.3,73
10465,2016,BRONX,1705.875,404541.0833333333,28
10465,2017,BRONX,1845.1000000000001,434136.0833333333,3
10465,2018,BRONX,1928.8583333333331,471863.25,6
10465,2019,BRONX,1979.9250000000002,511188.1666666667,22
10465,2020,BRONX,2125.133333333333,535341.5,13
10465,2021,BRONX,2136.7250000000004,574414.9166666666,36
10465,2022,BRONX,2330.01,613625.8,39
10466,2022,BRONX,1946.7142857142858,560980.3,119
10467,2015,BRONX,1358.46,286850.5,70
10467,2016,BRONX,1433.7833333333333,295318.9166666667,57
10467,2017,BRONX,1549.025,324620.0,44
10467,2018,BRONX,1643.7666666666667,360789.5833333333,54
10467,2019,BRONX,1712.6416666666667,392851.9166666667,58
10467,2020,BRONX,1798.5333333333333,411901.9166666667,59
10467,2021,BRONX,1850.1166666666666,434393.3333333333,77
10467,2022,BRONX,1950.8,455648.8,88
10468,2022,BRONX,1796.5166666666667,339862.6,65
10469,2022,BRONX,1883.0111111111112,592184.8,122
10471,2022,BRONX,2323.057142857143,748826.8,15
10472,2022,BRONX,2164.625,627061.7,18
10473,2022,BRONX,2450.05,521522.2,62
11004,2022,QUEENS,5000.0,759113.1,6
11101,2015,QUEENS,2753.7699999999995,699931.8333333334,132
11101,2016,QUEENS,2826.2083333333335,759180.4166666666,131
11101,2017,QUEENS,2879.5,794348.4166666666,51
11101,2018,QUEENS,2873.933333333333,797617.25,112
11101,2019,QUEENS,3050.308333333333,805450.0,103
11101,2020,QUEENS,3059.0833333333335,799248.6666666666,76
11101,2021,QUEENS,3133.4666666666667,784913.9166666666,140
11101,2022,QUEENS,3675.246153846154,804049.0,140
11102,2015,QUEENS,2330.11,526981.5833333334,247
11102,2016,QUEENS,2351.825,573298.5833333334,218
11102,2017,QUEENS,2401.75,627005.8333333334,443
11102,2018,QUEENS,2388.0833333333335,660766.9166666666,347
11102,2019,QUEENS,2450.8500000000004,670163.9166666666,240
11102,2020,QUEENS,2441.875,666734.5,236
11102,2021,QUEENS,2382.5916666666667,676636.5,290
11102,2022,QUEENS,2640.733333333333,685213.9,351
11103,2015,QUEENS,1934.04,668012.6666666666,297
11103,2016,QUEENS,2044.125,758007.1666666666,306
11103,2017,QUEENS,2047.25,822617.0,584
11103,2018,QUEENS,2057.0249999999996,881343.5833333334,443
11103,2019,QUEENS,2120.8500000000004,905686.6666666666,326
11103,2020,QUEENS,2087.5,926216.0833333334,369
11103,2021,QUEENS,2070.0249999999996,942974.8333333334,326
11103,2022,QUEENS,2301.241666666667,992686.1,417
11104,2020,QUEENS,2009.7375,624902.25,241
11104,2021,QUEENS,1970.2333333333331,631047.1666666666,238
11104,2022,QUEENS,2327.5,660311.0,280
11105,2015,QUEENS,2292.18,759277.5,210
11105,2016,QUEENS,2334.483333333333,852561.75,197
11105,2017,QUEENS,2341.05,944436.25,381
11105,2018,QUEENS,2318.6916666666666,985832.5,256
11105,2019,QUEENS,2369.6916666666666,1004564.5,188
11105,2020,QUEENS,2341.6916666666666,1038004.1666666666,196
11105,2021,QUEENS,2261.5416666666665,1043340.9166666666,227
11105,2022,QUEENS,2428.9357142857143,1096246.6,248
11106,2015,QUEENS,2098.0899999999997,491355.75,316
11106,2016,QUEENS,2160.4,525246.5,292
11106,2017,QUEENS,2170.8500000000004,576068.75,531
11106,2018,QUEENS,2167.8999999999996,618868.3333333334,648
11106,2019,QUEENS,2237.4750000000004,646284.3333333334,294
11106,2020,QUEENS,2248.6666666666665,642368.75,291
11106,2021,QUEENS,2183.741666666667,647598.5833333334,335
11106,2022,QUEENS,2445.9,667475.3,424
11201,2015,BROOKLYN,3227.8700000000003,1324822.3333333333,343
11201,2016,BROOKLYN,3271.233333333333,1374818.75,733
11201,2017,BROOKLYN,3292.9666666666667,1278540.6666666667,499
11201,2018,BROOKLYN,3352.5,1267815.75,514
11201,2019,BROOKLYN,3488.1666666666665,1339921.0,389
11201,2020,BROOKLYN,3419.183333333333,1361641.5833333333,389
11201,2021,BROOKLYN,3508.4333333333334,1277278.6666666667,397
11201,2022,BROOKLYN,3923.4882352941177,1319598.7,453
11203,2021,BROOKLYN,2042.27,638399.0833333334,229
11203,2022,BROOKLYN,2282.75,678205.0,273
11205,2015,BROOKLYN,2496.5199999999995,734294.4166666666,473
11205,2016,BROOKLYN,2543.925,788330.5,899
11205,2017,BROOKLYN,2582.6833333333334,818825.5833333334,1126
11205,2018,BROOKLYN,2664.2083333333335,869438.8333333334,932
11205,2019,BROOKLYN,2799.5583333333334,931183.5,672
11205,2020,BROOKLYN,2780.883333333333,937073.6666666666,692
11205,2021,BROOKLYN,2778.125,934208.5,544
11205,2022,BROOKLYN,3300.3,998726.3,732
11206,2015,BROOKLYN,2915.6600000000003,859455.8333333334,724
11206,2016,BROOKLYN,2932.1499999999996,871869.6666666666,1187
11206,2017,BROOKLYN,2910.0333333333333,916044.3333333334,1119
11206,2018,BROOKLYN,2900.8333333333335,946407.8333333334,1172
11206,2019,BROOKLYN,2962.6499999999996,917810.8333333334,1110
11206,2020,BROOKLYN,2905.7166666666667,906703.5,850
11206,2021,BROOKLYN,2846.891666666667,907284.3333333334,796
11206,2022,BROOKLYN,3236.7818181818184,920709.6,996
11207,2015,BROOKLYN,2117.9100000000003,357808.6666666667,200
11207,2016,BROOKLYN,2265.6499999999996,380632.6666666667,181
11207,2017,BROOKLYN,2326.766666666667,414609.5833333333,169
11207,2018,BROOKLYN,2379.141666666667,438582.1666666667,153
11207,2019,BROOKLYN,2483.375,463651.25,101
11207,2020,BROOKLYN,2517.0916666666667,494206.1666666667,124
11207,2021,BROOKLYN,2474.483333333333,530486.0833333334,216
11207,2022,BROOKLYN,3120.4,564686.7,268
11208,2020,BROOKLYN,2027.5333333333333,586907.8333333334,76
11208,2021,BROOKLYN,2143.7,630066.5833333334,155
11208,2022,BROOKLYN,2427.66,661930.2,167
11209,2015,BROOKLYN,1740.9399999999998,721519.6666666666,79
11209,2016,BROOKLYN,1794.4250000000002,792867.0,70
11209,2017,BROOKLYN,1833.2666666666669,852887.9166666666,117
11209,2018,BROOKLYN,1879.9333333333334,889156.25,98
11209,2019,BROOKLYN,1939.1666666666667,910180.25,75
11209,2020,BROOKLYN,1939.0916666666667,876552.0,69
11209,2021,BROOKLYN,1945.8666666666666,928390.0,75
11209,2022,BROOKLYN,2035.3,988649.4,99
11210,2017,BROOKLYN,2190.4500000000003,699155.0833333334,255
11210,2018,BROOKLYN,2240.0833333333335,754672.5,179
11210,2019,BROOKLYN,2291.991666666667,772585.5833333334,149
11210,2020,BROOKLYN,2225.55,787817.5,128
11210,2021,BROOKLYN,2132.633333333333,814119.5,170
11210,2022,BROOKLYN,2203.725,858834.4,198
11211,2015,BROOKLYN,3234.86,1009364.3333333334,1858
11211,2016,BROOKLYN,3239.1666666666665,967278.0,1855
11211,2017,BROOKLYN,3226.85,967886.0,2645
11211,2018,BROOKLYN,3189.116666666667,997202.9166666666,3227
11211,2019,BROOKLYN,3335.4666666666667,1023273.75,6231
11211,2020,BROOKLYN,3324.8083333333334,1036530.25,2719
11211,2021,BROOKLYN,3375.1666666666665,1072471.75,2101
11211,2022,BROOKLYN,4141.138461538461,1150638.4,2730
11212,2022,BROOKLYN,2450.68,565813.6,208
11213,2015,BROOKLYN,2036.38,808794.4166666666,466
11213,2016,BROOKLYN,2157.275,896240.9166666666,732
11213,2017,BROOKLYN,2233.1583333333333,930991.0833333334,493
11213,2018,BROOKLYN,2303.5,968723.9166666666,619
11213,2019,BROOKLYN,2381.266666666667,970805.5833333334,440
11213,2020,BROOKLYN,2434.891666666667,972262.0,451
11213,2021,BROOKLYN,2417.0416666666665,989242.9166666666,485
11213,2022,BROOKLYN,2598.366666666667,1074487.1,582
11214,2015,BROOKLYN,1599.84,538540.1666666666,58
11214,2016,BROOKLYN,1680.65,573353.0,67
11214,2017,BROOKLYN,1758.8833333333334,607146.8333333334,29
11214,2018,BROOKLYN,1823.0916666666667,645641.75,39
11214,2019,BROOKLYN,1870.1416666666669,663974.4166666666,21
11214,2020,BROOKLYN,1885.4833333333331,658203.8333333334,30
11214,2021,BROOKLYN,1892.1666666666667,684362.9166666666,54
11214,2022,BROOKLYN,2060.9,716947.2,62
11215,2015,BROOKLYN,2688.77,1399352.75,437
11215,2016,BROOKLYN,2710.5333333333333,1479163.0,391
11215,2017,BROOKLYN,2728.1583333333333,1461599.9166666667,442
11215,2018,BROOKLYN,2798.008333333333,1418675.5833333333,559
11215,2019,BROOKLYN,2882.625,1442186.3333333333,1087
11215,2020,BROOKLYN,2891.175,1350269.1666666667,541
11215,2021,BROOKLYN,2883.6583333333333,1362516.5,491
11215,2022,BROOKLYN,3354.18,1465798.0,649
11216,2015,BROOKLYN,2320.3799999999997,941515.0,949
11216,2016,BROOKLYN,2411.2833333333333,1028097.9166666666,1639
11216,2017,BROOKLYN,2452.9166666666665,1045381.6666666666,1178
11216,2018,BROOKLYN,2491.808333333333,1112043.4166666667,1334
11216,2019,BROOKLYN,2563.6833333333334,1111053.0833333333,938
11216,2020,BROOKLYN,2537.266666666667,1112305.4166666667,999
11216,2021,BROOKLYN,2495.8333333333335,1136209.0,984
11216,2022,BROOKLYN,2952.827272727273,1242107.2,1287
11217,2015,BROOKLYN,2945.04,1443722.9166666667,399
11217,2016,BROOKLYN,2970.3083333333334,1522131.9166666667,402
11217,2017,BROOKLYN,3005.3916666666664,1521126.75,744
11217,2018,BROOKLYN,3082.5333333333333,1515536.5833333333,656
11217,2019,BROOKLYN,3173.7833333333333,1529402.1666666667,1174
11217,2020,BROOKLYN,3142.425,1461386.0833333333,623
11217,2021,BROOKLYN,3163.675,1432988.25,459
11217,2022,BROOKLYN,3512.730769230769,1531767.1,656
11218,2015,BROOKLYN,2188.31,723225.75,177
11218,2016,BROOKLYN,2226.95,786441.0,161
11218,2017,BROOKLYN,2265.4083333333333,854812.1666666666,326
11218,2018,BROOKLYN,2297.1416666666664,904973.5833333334,251
11218,2019,BROOKLYN,2319.075,959076.1666666666,237
11218,2020,BROOKLYN,2323.0333333333333,932258.9166666666,198
11218,2021,BROOKLYN,2320.3166666666666,953143.4166666666,184
11218,2022,BROOKLYN,2552.81,996101.6,231
11219,2021,BROOKLYN,1874.1000000000001,850656.5833333334,57
11219,2022,BROOKLYN,2020.22,907365.6,63
11220,2015,BROOKLYN,1813.26,595905.3333333334,160
11220,2016,BROOKLYN,1845.0833333333333,654008.9166666666,164
11220,2017,BROOKLYN,1962.3999999999999,711517.0,198
11220,2018,BROOKLYN,2036.5,737359.3333333334,178
11220,2019,BROOKLYN,2059.925,748739.3333333334,269
11220,2020,BROOKLYN,2100.6666666666665,746375.5,172
11220,2021,BROOKLYN,2068.05,741358.25,173
11220,2022,BROOKLYN,2268.35,774680.8,233
11221,2015,BROOKLYN,2286.7200000000003,819887.5,1007
11221,2016,BROOKLYN,2397.9166666666665,909883.25,1539
11221,2017,BROOKLYN,2467.516666666667,956862.3333333334,957
11221,2018,BROOKLYN,2513.625,1027401.0833333334,1190
11221,2019,BROOKLYN,2595.075,1031257.3333333334,794
11221,2020,BROOKLYN,2598.391666666667,1040120.6666666666,979
11221,2021,BROOKLYN,2554.9833333333336,1071570.75,934
11221,2022,BROOKLYN,3014.76,1184248.8,1165
11222,2015,BROOKLYN,2770.21,971202.5,648
11222,2016,BROOKLYN,2869.2916666666665,1011781.0,610
11222,2017,BROOKLYN,2937.683333333333,1020965.5,1785
11222,2018,BROOKLYN,2975.8500000000004,1035642.5,1219
11222,2019,BROOKLYN,3060.9750000000004,1041824.5833333334,1024
11222,2020,BROOKLYN,3136.366666666667,1044151.75,948
11222,2021,BROOKLYN,3280.425,1068180.4166666667,698
11222,2022,BROOKLYN,3720.6214285714286,1145620.1,1001
11223,2015,BROOKLYN,1549.5444444444443,722070.75,80
11223,2016,BROOKLYN,1645.0333333333333,777270.3333333334,99
11223,2017,BROOKLYN,1701.5166666666667,837217.3333333334,74
11223,2018,BROOKLYN,1737.1416666666667,889891.1666666666,87
11223,2019,BROOKLYN,1774.1416666666667,912277.8333333334,108
11223,2020,BROOKLYN,1795.1999999999998,917003.6666666666,87
11223,2021,BROOKLYN,1772.5416666666667,967155.3333333334,97
11223,2022,BROOKLYN,2077.0454545454545,1010828.9,126
11224,2022,BROOKLYN,2953.475,612614.4,44
11225,2015,BROOKLYN,2117.85,1036868.3333333334,448
11225,2016,BROOKLYN,2218.4166666666665,1144649.6666666667,797
11225,2017,BROOKLYN,2261.4416666666666,1190122.4166666667,609
11225,2018,BROOKLYN,2333.991666666667,1210101.75,662
11225,2019,BROOKLYN,2405.491666666667,1258277.0,435
11225,2020,BROOKLYN,2380.9166666666665,1241847.75,489
11225,2021,BROOKLYN,2352.4416666666666,1278577.6666666667,498
11225,2022,BROOKLYN,2714.6363636363635,1372638.6,667
11226,2015,BROOKLYN,1974.18,641336.1666666666,418
11226,2016,BROOKLYN,2075.5916666666667,696150.8333333334,470
11226,2017,BROOKLYN,2135.625,749691.5,913
11226,2018,BROOKLYN,2198.0583333333334,778287.4166666666,692
11226,2019,BROOKLYN,2252.766666666667,825612.5,517
11226,2020,BROOKLYN,2262.141666666667,793846.3333333334,521
11226,2021,BROOKLYN,2234.8416666666667,804033.1666666666,469
11226,2022,BROOKLYN,2487.0583333333334,835676.9,643
11228,2015,BROOKLYN,1349.9199999999998,804904.0,27
11228,2016,BROOKLYN,1450.8083333333334,864086.25,36
11228,2017,BROOKLYN,1499.5583333333334,915823.8333333334,40
11228,2018,BROOKLYN,1589.8083333333334,950662.5833333334,43
11228,2019,BROOKLYN,1672.7833333333333,968549.75,21
11228,2020,BROOKLYN,1748.7083333333333,960748.1666666666,23
11228,2021,BROOKLYN,1773.4,998804.75,34
11228,2022,BROOKLYN,2029.94,1058924.4,38
11229,2015,BROOKLYN,1705.45,545587.6666666666,55
11229,2016,BROOKLYN,1757.3249999999998,589610.4166666666,50
11229,2017,BROOKLYN,1867.5916666666667,637280.1666666666,19
11229,2018,BROOKLYN,1938.1083333333331,678411.0833333334,50
11229,2019,BROOKLYN,2008.5333333333333,710380.8333333334,55
11229,2020,BROOKLYN,2023.5333333333333,716434.75,33
11229,2021,BROOKLYN,2036.4499999999998,741905.75,61
11229,2022,BROOKLYN,2163.46,780479.0,81
11230,2015,BROOKLYN,1848.8,836698.0,63
11230,2016,BROOKLYN,1961.2250000000001,911578.4166666666,67
11230,2017,BROOKLYN,2041.2333333333331,954261.3333333334,68
11230,2018,BROOKLYN,2074.0249999999996,995145.0833333334,68
11230,2019,BROOKLYN,2105.241666666667,1055775.3333333333,131
11230,2020,BROOKLYN,2134.008333333333,1024859.6666666666,66
11230,2021,BROOKLYN,2068.325,1023494.25,71
11230,2022,BROOKLYN,2240.55,1083692.4,97
11231,2015,BROOKLYN,2825.04,1335947.8333333333,138
11231,2016,BROOKLYN,2859.375,1426434.3333333333,224
11231,2017,BROOKLYN,2903.2,1441094.0,226
11231,2018,BROOKLYN,2998.5416666666665,1434799.8333333333,213
11231,2019,BROOKLYN,3117.925,1436682.5,214
11231,2020,BROOKLYN,3086.191666666667,1434137.1666666667,199
11231,2021,BROOKLYN,3079.008333333333,1411345.5,174
11231,2022,BROOKLYN,3544.7,1497689.7,225
11232,2020,BROOKLYN,2375.7444444444445,716372.9166666666,68
11232,2021,BROOKLYN,2377.5416666666665,690353.3333333334,63
11232,2022,BROOKLYN,2674.33,720332.5,83
11233,2015,BROOKLYN,2118.37,610939.25,943
11233,2016,BROOKLYN,2192.3416666666667,662939.5833333334,1312
11233,2017,BROOKLYN,2273.825,719472.75,777
11233,2018,BROOKLYN,2308.4583333333335,745286.75,981
11233,2019,BROOKLYN,2394.0,763895.1666666666,647
11233,2020,BROOKLYN,2349.358333333333,776035.25,809
11233,2021,BROOKLYN,2269.7916666666665,846402.1666666666,1013
11233,2022,BROOKLYN,2611.741666666667,894202.6,1194
11234,2022,BROOKLYN,2399.2444444444445,722477.0,60
11235,2015,BROOKLYN,1789.57,484378.3333333333,118
11235,2016,BROOKLYN,1889.0583333333334,497678.0833333333,163
11235,2017,BROOKLYN,1969.375,524481.1666666666,78
11235,2018,BROOKLYN,2027.3999999999999,576024.1666666666,123
11235,2019,BROOKLYN,2085.1000000000004,592481.4166666666,123
11235,2020,BROOKLYN,2092.2916666666665,590995.5,97
11235,2021,BROOKLYN,2133.766666666667,621407.25,128
11235,2022,BROOKLYN,2523.825,655850.2,155
11236,2022,BROOKLYN,1952.9333333333334,636843.2,227
11237,2015,BROOKLYN,2496.2200000000003,661371.0,1016
11237,2016,BROOKLYN,2549.05,738264.25,1950
11237,2017,BROOKLYN,2572.2916666666665,769363.0833333334,1351
11237,2018,BROOKLYN,2551.675,789695.25,1711
11237,2019,BROOKLYN,2619.0416666666665,794939.5833333334,1426
11237,2020,BROOKLYN,2650.175,814787.5,1295
11237,2021,BROOKLYN,2608.8333333333335,822998.1666666666,1036
11237,2022,BROOKLYN,3187.61,892186.9,1309
11238,2015,BROOKLYN,3063.5299999999997,1195940.4166666667,622
11238,2016,BROOKLYN,3088.675,1264259.75,1206
11238,2017,BROOKLYN,3071.858333333333,1232179.0,1027
11238,2018,BROOKLYN,3115.5333333333333,1237717.0,1138
11238,2019,BROOKLYN,3181.2833333333333,1269767.1666666667,1126
11238,2020,BROOKLYN,3112.8083333333334,1186036.5833333333,816
11238,2021,BROOKLYN,3050.7749999999996,1132804.25,686
11238,2022,BROOKLYN,3540.19,1200487.2,964
11354,2015,QUEENS,2047.29,506578.0833333333,44
11354,2016,QUEENS,2154.6416666666664,552135.0833333334,52
11354,2017,QUEENS,2204.05,603901.5,40
11354,2018,QUEENS,2244.2,658181.3333333334,51
11354,2019,QUEENS,2255.5333333333333,678780.75,20
11354,2020,QUEENS,2224.6499999999996,686298.4166666666,52
11354,2021,QUEENS,2182.383333333333,679932.4166666666,55
11354,2022,QUEENS,2372.38,699018.4,59
11355,2015,QUEENS,1603.02,516473.8333333333,216
11355,2016,QUEENS,1723.6583333333333,569382.5833333334,185
11355,2017,QUEENS,1750.3916666666667,619183.0,211
11355,2018,QUEENS,1852.8166666666666,676159.0,195
11355,2019,QUEENS,1852.9250000000002,688670.9166666666,126
11355,2020,QUEENS,1859.8666666666666,678723.75,151
11355,2021,QUEENS,1815.2333333333333,675732.1666666666,284
11355,2022,QUEENS,1921.3909090909092,700258.2,301
11356,2022,QUEENS,2309.9666666666667,783582.9,35
11357,2022,QUEENS,2693.2375,994086.3,10
11358,2021,QUEENS,2047.918181818182,936072.9166666666,90
11358,2022,QUEENS,2323.0,993699.0,117
11360,2021,QUEENS,2080.0,702569.6666666666,6
11360,2022,QUEENS,2364.491666666667,732222.0,7
11361,2020,QUEENS,2191.6875,858136.1666666666,16
11361,2021,QUEENS,2155.491666666667,890003.5,55
11361,2022,QUEENS,2355.6545454545453,955138.3,65
11362,2022,QUEENS,2950.0,985342.2,5
11363,2022,QUEENS,1795.0,1103964.4,3
11364,2022,QUEENS,2476.26,952809.5,6
11365,2022,QUEENS,2483.1875,938809.1,30
11367,2022,QUEENS,2478.88,838199.5,39
11368,2022,QUEENS,2039.5,571892.3,141
11370,2022,QUEENS,3400.0,760890.3,34
11372,2021,QUEENS,1887.6166666666666,483587.8333333333,241
11372,2022,QUEENS,2062.44,501556.6,248
11373,2021,QUEENS,1871.7777777777778,578745.3333333334,208
11373,2022,QUEENS,2011.5727272727272,590277.5,215
11374,2015,QUEENS,1955.8,455798.9166666667,128
11374,2016,QUEENS,1996.9750000000001,491289.4166666667,118
11374,2017,QUEENS,2065.775,539852.1666666666,82
11374,2018,QUEENS,2103.5,584818.4166666666,88
11374,2019,QUEENS,2197.325,611956.9166666666,168
11374,2020,QUEENS,2222.75,597965.6666666666,99
11374,2021,QUEENS,2199.2,621448.8333333334,126
11374,2022,QUEENS,2393.72,630222.4,149
11375,2015,QUEENS,1965.21,669283.75,34
11375,2016,QUEENS,2034.1416666666669,713962.75,34
11375,2017,QUEENS,2082.2749999999996,760781.6666666666,99
11375,2018,QUEENS,2108.1583333333333,818675.4166666666,69
11375,2019,QUEENS,2186.5166666666664,850694.9166666666,41
11375,2020,QUEENS,2175.9166666666665,843562.0833333334,51
11375,2021,QUEENS,2154.366666666667,830616.4166666666,40
11375,2022,QUEENS,2930.5266666666666,870997.0,50
11377,2020,QUEENS,1909.3999999999999,793972.6666666666,159
11377,2021,QUEENS,1902.6166666666666,794613.1666666666,413
11377,2022,QUEENS,2300.0,829358.8,385
11378,2022,QUEENS,2473.4416666666666,823000.6,86
11379,2021,QUEENS,2137.5,782484.75,35
11379,2022,QUEENS,2264.858333333333,826936.7,42
11385,2015,QUEENS,2327.2799999999997,550787.5,219
11385,2016,QUEENS,2438.741666666667,607714.4166666666,178
11385,2017,QUEENS,2460.633333333333,662187.6666666666,121
11385,2018,QUEENS,2489.758333333333,696424.75,162
11385,2019,QUEENS,2570.258333333333,703710.8333333334,247
11385,2020,QUEENS,2546.983333333333,706130.1666666666,167
11385,2021,QUEENS,2507.641666666667,732049.3333333334,183
11385,2022,QUEENS,2919.024,767211.8,231
11412,2022,QUEENS,1150.0,650777.5,139
11413,2022,QUEENS,3033.3333333333335,646525.2,148
11414,2022,QUEENS,2100.0,776587.8,32
11415,2020,QUEENS,1826.8142857142857,522792.0833333333,54
11415,2021,QUEENS,1910.6166666666666,520030.9166666667,82
11415,2022,QUEENS,2001.5727272727272,544864.3,101
11417,2022,QUEENS,1950.0,663566.2,63
11418,2022,QUEENS,2491.4,697998.1,49
11421,2022,QUEENS,4200.0,671280.4,120
11422,2022,QUEENS,3150.0,634242.8,78
11423,2022,QUEENS,4795.0,742090.6,70
11426,2022,QUEENS,2537.5,713849.1,5
11427,2022,QUEENS,2600.0,767260.3,10
11428,2022,QUEENS,1800.0,685692.0,25
11429,2022,QUEENS,3000.0,652049.0,74
11432,2022,QUEENS,2423.79375,934240.9,73
11433,2022,QUEENS,3673.0,626184.8,56
11434,2022,QUEENS,2515.1666666666665,631653.1,188
11435,2015,QUEENS,1496.0600000000002,427239.1666666667,66
11435,2016,QUEENS,1566.0416666666667,460095.5833333333,70
11435,2017,QUEENS,1625.8333333333333,483791.6666666667,17
11435,2018,QUEENS,1676.675,517040.75,63
11435,2019,QUEENS,1708.7166666666667,544441.5,49
11435,2020,QUEENS,1747.125,561451.8333333334,36
11435,2021,QUEENS,1778.2454545454545,613944.6666666666,69
11435,2022,QUEENS,1923.5666666666666,655826.8,72
11436,2022,QUEENS,2100.0,610620.5,100
11691,2022,QUEENS,2706.15,643481.2,81
11692,2022,QUEENS,2700.0,562100.5,112
11694,2022,QUEENS,3133.3333333333335,955955.1,64
